,sign,beg,end,folder_name,talker_id,hand
0,PODER,5480,5975,./db\Alagoas\Inventário de Libras Maceió\Inventário Nacional de Libras - Surdos de Referência v1004\v0.mp4,1,D
1,E(vai),5980,6910,./db\Alagoas\Inventário de Libras Maceió\Inventário Nacional de Libras - Surdos de Referência v1004\v0.mp4,1,D
2,E(então),9840,10260,./db\Alagoas\Inventário de Libras Maceió\Inventário Nacional de Libras - Surdos de Referência v1004\v0.mp4,1,D
3,DV(pessoa-vindo),10275,10875,./db\Alagoas\Inventário de Libras Maceió\Inventário Nacional de Libras - Surdos de Referência v1004\v0.mp4,1,D
4,SINAL(charlie Chaplin,10875,12165,./db\Alagoas\Inventário de Libras Maceió\Inventário Nacional de Libras - Surdos de Referência v1004\v0.mp4,1,D
5,E(criança),12165,12495,./db\Alagoas\Inventário de Libras Maceió\Inventário Nacional de Libras - Surdos de Referência v1004\v0.mp4,1,D
6,DV(andar-encontra),12495,13520,./db\Alagoas\Inventário de Libras Maceió\Inventário Nacional de Libras - Surdos de Referência v1004\v0.mp4,1,D
7,SINAL(charlie chaplin),13520,13880,./db\Alagoas\Inventário de Libras Maceió\Inventário Nacional de Libras - Surdos de Referência v1004\v0.mp4,1,D
8,VOCÊ,13880,14440,./db\Alagoas\Inventário de Libras Maceió\Inventário Nacional de Libras - Surdos de Referência v1004\v0.mp4,1,D
9,IX(vai-lá),14440,14755,./db\Alagoas\Inventário de Libras Maceió\Inventário Nacional de Libras - Surdos de Referência v1004\v0.mp4,1,D
10,IX(virar-direita),14755,15245,./db\Alagoas\Inventário de Libras Maceió\Inventário Nacional de Libras - Surdos de Referência v1004\v0.mp4,1,D
11,IX(lá),15245,15830,./db\Alagoas\Inventário de Libras Maceió\Inventário Nacional de Libras - Surdos de Referência v1004\v0.mp4,1,D
12,IX(virar),15830,16251,./db\Alagoas\Inventário de Libras Maceió\Inventário Nacional de Libras - Surdos de Referência v1004\v0.mp4,1,D
13,IX(caminho),16251,16845,./db\Alagoas\Inventário de Libras Maceió\Inventário Nacional de Libras - Surdos de Referência v1004\v0.mp4,1,D
14,E(possitivo),16845,17235,./db\Alagoas\Inventário de Libras Maceió\Inventário Nacional de Libras - Surdos de Referência v1004\v0.mp4,1,D
15,OK,17235,17595,./db\Alagoas\Inventário de Libras Maceió\Inventário Nacional de Libras - Surdos de Referência v1004\v0.mp4,1,D
16,DV(pessoa-saindo),17595,18925,./db\Alagoas\Inventário de Libras Maceió\Inventário Nacional de Libras - Surdos de Referência v1004\v0.mp4,1,D
17,SINAL(charlie chaplin),18925,19265,./db\Alagoas\Inventário de Libras Maceió\Inventário Nacional de Libras - Surdos de Referência v1004\v0.mp4,1,D
18,IX(colocar-mochila-na-costa),19645,20375,./db\Alagoas\Inventário de Libras Maceió\Inventário Nacional de Libras - Surdos de Referência v1004\v0.mp4,1,D
19,IX(vidro-fino-colocar-mochila),20375,21245,./db\Alagoas\Inventário de Libras Maceió\Inventário Nacional de Libras - Surdos de Referência v1004\v0.mp4,1,D
20,E(pronto),21245,21615,./db\Alagoas\Inventário de Libras Maceió\Inventário Nacional de Libras - Surdos de Referência v1004\v0.mp4,1,D
21,IX(pessoa-andar),21615,22420,./db\Alagoas\Inventário de Libras Maceió\Inventário Nacional de Libras - Surdos de Referência v1004\v0.mp4,1,D
22,DV(vigiar),22420,22830,./db\Alagoas\Inventário de Libras Maceió\Inventário Nacional de Libras - Surdos de Referência v1004\v0.mp4,1,D
23,DEM(ali),22830,23432,./db\Alagoas\Inventário de Libras Maceió\Inventário Nacional de Libras - Surdos de Referência v1004\v0.mp4,1,D
24,IX(casa),23432,23592,./db\Alagoas\Inventário de Libras Maceió\Inventário Nacional de Libras - Surdos de Referência v1004\v0.mp4,1,D
25,DEM(ali),23594,23950,./db\Alagoas\Inventário de Libras Maceió\Inventário Nacional de Libras - Surdos de Referência v1004\v0.mp4,1,D
26,E(possitivo),23952,24267,./db\Alagoas\Inventário de Libras Maceió\Inventário Nacional de Libras - Surdos de Referência v1004\v0.mp4,1,D
27,DV(segurar-objeto-mão),24267,24762,./db\Alagoas\Inventário de Libras Maceió\Inventário Nacional de Libras - Surdos de Referência v1004\v0.mp4,1,D
28,DV(jogar-objeto),24762,25581,./db\Alagoas\Inventário de Libras Maceió\Inventário Nacional de Libras - Surdos de Referência v1004\v0.mp4,1,D
29,DV(vidro-quebrar),25581,26311,./db\Alagoas\Inventário de Libras Maceió\Inventário Nacional de Libras - Surdos de Referência v1004\v0.mp4,1,D
30,DV(jogar-objeto),26311,26828,./db\Alagoas\Inventário de Libras Maceió\Inventário Nacional de Libras - Surdos de Referência v1004\v0.mp4,1,D
31,DV(vidro-quebrar),26828,27486,./db\Alagoas\Inventário de Libras Maceió\Inventário Nacional de Libras - Surdos de Referência v1004\v0.mp4,1,D
32,MULHER,27486,27896,./db\Alagoas\Inventário de Libras Maceió\Inventário Nacional de Libras - Surdos de Referência v1004\v0.mp4,1,D
33,IX(ele),29001,29186,./db\Alagoas\Inventário de Libras Maceió\Inventário Nacional de Libras - Surdos de Referência v1004\v0.mp4,1,D
34,FUGIR,29186,29761,./db\Alagoas\Inventário de Libras Maceió\Inventário Nacional de Libras - Surdos de Referência v1004\v0.mp4,1,D
35,DV(andar-correndo),29761,30821,./db\Alagoas\Inventário de Libras Maceió\Inventário Nacional de Libras - Surdos de Referência v1004\v0.mp4,1,D
36,SINAL(charlie chaplin),30821,31836,./db\Alagoas\Inventário de Libras Maceió\Inventário Nacional de Libras - Surdos de Referência v1004\v0.mp4,1,D
37,DISFARÇAR,31836,32551,./db\Alagoas\Inventário de Libras Maceió\Inventário Nacional de Libras - Surdos de Referência v1004\v0.mp4,1,D
38,IX(pessoa-andando),32551,34217,./db\Alagoas\Inventário de Libras Maceió\Inventário Nacional de Libras - Surdos de Referência v1004\v0.mp4,1,D
39,NÃO-SABER,34217,34767,./db\Alagoas\Inventário de Libras Maceió\Inventário Nacional de Libras - Surdos de Referência v1004\v0.mp4,1,D
40,DEM(lá),34781,35281,./db\Alagoas\Inventário de Libras Maceió\Inventário Nacional de Libras - Surdos de Referência v1004\v0.mp4,1,D
41,DV(quadrado),35281,35841,./db\Alagoas\Inventário de Libras Maceió\Inventário Nacional de Libras - Surdos de Referência v1004\v0.mp4,1,D
42,E(possitivo),35841,36216,./db\Alagoas\Inventário de Libras Maceió\Inventário Nacional de Libras - Surdos de Referência v1004\v0.mp4,1,D
43,APROVEITAR,36216,36766,./db\Alagoas\Inventário de Libras Maceió\Inventário Nacional de Libras - Surdos de Referência v1004\v0.mp4,1,D
44,DV(tirar-quadro-na-costa),36766,37543,./db\Alagoas\Inventário de Libras Maceió\Inventário Nacional de Libras - Surdos de Referência v1004\v0.mp4,1,D
45,DV(quadro-colocar),37543,38238,./db\Alagoas\Inventário de Libras Maceió\Inventário Nacional de Libras - Surdos de Referência v1004\v0.mp4,1,D
46,HOMEM,38238,38393,./db\Alagoas\Inventário de Libras Maceió\Inventário Nacional de Libras - Surdos de Referência v1004\v0.mp4,1,D
47,DV(andar-correr),38393,38933,./db\Alagoas\Inventário de Libras Maceió\Inventário Nacional de Libras - Surdos de Referência v1004\v0.mp4,1,D
48,E(outro),38935,39515,./db\Alagoas\Inventário de Libras Maceió\Inventário Nacional de Libras - Surdos de Referência v1004\v0.mp4,1,D
49,DV(segurando-mão-objeto),39515,40065,./db\Alagoas\Inventário de Libras Maceió\Inventário Nacional de Libras - Surdos de Referência v1004\v0.mp4,1,D
50,DV(jogou-objeto-forçar)+,40065,42000,./db\Alagoas\Inventário de Libras Maceió\Inventário Nacional de Libras - Surdos de Referência v1004\v0.mp4,1,D
51,DV(vdro-quebrar)+,42000,43327,./db\Alagoas\Inventário de Libras Maceió\Inventário Nacional de Libras - Surdos de Referência v1004\v0.mp4,1,D
52,IX(ele),43327,43937,./db\Alagoas\Inventário de Libras Maceió\Inventário Nacional de Libras - Surdos de Referência v1004\v0.mp4,1,D
53,SINAL(charlie chaplin),43937,44387,./db\Alagoas\Inventário de Libras Maceió\Inventário Nacional de Libras - Surdos de Referência v1004\v0.mp4,1,D
54,ARRUMAR,44387,45367,./db\Alagoas\Inventário de Libras Maceió\Inventário Nacional de Libras - Surdos de Referência v1004\v0.mp4,1,D
55,IX(indicador),46377,46542,./db\Alagoas\Inventário de Libras Maceió\Inventário Nacional de Libras - Surdos de Referência v1004\v0.mp4,1,D
56,IX(indicador),46542,46707,./db\Alagoas\Inventário de Libras Maceió\Inventário Nacional de Libras - Surdos de Referência v1004\v0.mp4,1,D
57,IX(medio),46707,47217,./db\Alagoas\Inventário de Libras Maceió\Inventário Nacional de Libras - Surdos de Referência v1004\v0.mp4,1,D
58,IX(só),47217,47387,./db\Alagoas\Inventário de Libras Maceió\Inventário Nacional de Libras - Surdos de Referência v1004\v0.mp4,1,D
59,IX(anular),47387,48169,./db\Alagoas\Inventário de Libras Maceió\Inventário Nacional de Libras - Surdos de Referência v1004\v0.mp4,1,D
60,DV(mão-segura-obejto),48221,49357,./db\Alagoas\Inventário de Libras Maceió\Inventário Nacional de Libras - Surdos de Referência v1004\v0.mp4,1,D
61,DV(pessoa-vindo),49357,50084,./db\Alagoas\Inventário de Libras Maceió\Inventário Nacional de Libras - Surdos de Referência v1004\v0.mp4,1,D
62,POLICIA,50084,50494,./db\Alagoas\Inventário de Libras Maceió\Inventário Nacional de Libras - Surdos de Referência v1004\v0.mp4,1,D
63,DV(o-que-foi),50494,51139,./db\Alagoas\Inventário de Libras Maceió\Inventário Nacional de Libras - Surdos de Referência v1004\v0.mp4,1,D
64,NÃO++,51139,51633,./db\Alagoas\Inventário de Libras Maceió\Inventário Nacional de Libras - Surdos de Referência v1004\v0.mp4,1,D
65,FUGIR,51633,52036,./db\Alagoas\Inventário de Libras Maceió\Inventário Nacional de Libras - Surdos de Referência v1004\v0.mp4,1,D
66,IX(ele),52957,53499,./db\Alagoas\Inventário de Libras Maceió\Inventário Nacional de Libras - Surdos de Referência v1004\v0.mp4,1,D
67,POLICIA,53499,53738,./db\Alagoas\Inventário de Libras Maceió\Inventário Nacional de Libras - Surdos de Referência v1004\v0.mp4,1,D
68,ANDAR,53738,54178,./db\Alagoas\Inventário de Libras Maceió\Inventário Nacional de Libras - Surdos de Referência v1004\v0.mp4,1,D
69,DV(pessoa-vindo),54178,55234,./db\Alagoas\Inventário de Libras Maceió\Inventário Nacional de Libras - Surdos de Referência v1004\v0.mp4,1,D
70,VER,55236,55778,./db\Alagoas\Inventário de Libras Maceió\Inventário Nacional de Libras - Surdos de Referência v1004\v0.mp4,1,D
71,???,55780,56607,./db\Alagoas\Inventário de Libras Maceió\Inventário Nacional de Libras - Surdos de Referência v1004\v0.mp4,1,D
72,PONTO-INTERROGAÇÃO,56607,56945,./db\Alagoas\Inventário de Libras Maceió\Inventário Nacional de Libras - Surdos de Referência v1004\v0.mp4,1,D
73,DÚVIDAR,56945,57438,./db\Alagoas\Inventário de Libras Maceió\Inventário Nacional de Libras - Surdos de Referência v1004\v0.mp4,1,D
74,DEM(lá),57438,57780,./db\Alagoas\Inventário de Libras Maceió\Inventário Nacional de Libras - Surdos de Referência v1004\v0.mp4,1,D
75,???,57780,57971,./db\Alagoas\Inventário de Libras Maceió\Inventário Nacional de Libras - Surdos de Referência v1004\v0.mp4,1,D
76,DV(segurar-objeto),57973,58569,./db\Alagoas\Inventário de Libras Maceió\Inventário Nacional de Libras - Surdos de Referência v1004\v0.mp4,1,D
77,AMARELOU,58569,59245,./db\Alagoas\Inventário de Libras Maceió\Inventário Nacional de Libras - Surdos de Referência v1004\v0.mp4,1,D
78,ARRUMAR,59247,59573,./db\Alagoas\Inventário de Libras Maceió\Inventário Nacional de Libras - Surdos de Referência v1004\v0.mp4,1,D
79,DV(limpar),59573,60397,./db\Alagoas\Inventário de Libras Maceió\Inventário Nacional de Libras - Surdos de Referência v1004\v0.mp4,1,D
80,MULHER,60397,61242,./db\Alagoas\Inventário de Libras Maceió\Inventário Nacional de Libras - Surdos de Referência v1004\v0.mp4,1,D
81,PAGAR,62197,62620,./db\Alagoas\Inventário de Libras Maceió\Inventário Nacional de Libras - Surdos de Referência v1004\v0.mp4,1,D
82,???,62620,62754,./db\Alagoas\Inventário de Libras Maceió\Inventário Nacional de Libras - Surdos de Referência v1004\v0.mp4,1,D
83,DV(pessoa-indo-pra-ai),62754,62945,./db\Alagoas\Inventário de Libras Maceió\Inventário Nacional de Libras - Surdos de Referência v1004\v0.mp4,1,D
84,DV(pessoa-encontrou-outra-pessoa),62945,63890,./db\Alagoas\Inventário de Libras Maceió\Inventário Nacional de Libras - Surdos de Referência v1004\v0.mp4,1,D
85,DV(pessoa-saiu),63890,64043,./db\Alagoas\Inventário de Libras Maceió\Inventário Nacional de Libras - Surdos de Referência v1004\v0.mp4,1,D
86,PEQUENO,64043,64344,./db\Alagoas\Inventário de Libras Maceió\Inventário Nacional de Libras - Surdos de Referência v1004\v0.mp4,1,D
87,DV(pessoa-vindo),64344,65205,./db\Alagoas\Inventário de Libras Maceió\Inventário Nacional de Libras - Surdos de Referência v1004\v0.mp4,1,D
88,NÃO,65205,65381,./db\Alagoas\Inventário de Libras Maceió\Inventário Nacional de Libras - Surdos de Referência v1004\v0.mp4,1,D
89,IX(sai-daqui-sai),65382,66244,./db\Alagoas\Inventário de Libras Maceió\Inventário Nacional de Libras - Surdos de Referência v1004\v0.mp4,1,D
90,POLICIA,66244,66553,./db\Alagoas\Inventário de Libras Maceió\Inventário Nacional de Libras - Surdos de Referência v1004\v0.mp4,1,D
91,DEM(lá),66553,66811,./db\Alagoas\Inventário de Libras Maceió\Inventário Nacional de Libras - Surdos de Referência v1004\v0.mp4,1,D
92,TER,66811,67178,./db\Alagoas\Inventário de Libras Maceió\Inventário Nacional de Libras - Surdos de Referência v1004\v0.mp4,1,D
93,IX(sai-daqui-sai),67178,68037,./db\Alagoas\Inventário de Libras Maceió\Inventário Nacional de Libras - Surdos de Referência v1004\v0.mp4,1,D
94,DV(pessoa-vindo-correndo),68037,68864,./db\Alagoas\Inventário de Libras Maceió\Inventário Nacional de Libras - Surdos de Referência v1004\v0.mp4,1,D
95,DV(pessoa-encontrar-pessoa),68864,69275,./db\Alagoas\Inventário de Libras Maceió\Inventário Nacional de Libras - Surdos de Referência v1004\v0.mp4,1,D
96,POLICIA,69275,69323,./db\Alagoas\Inventário de Libras Maceió\Inventário Nacional de Libras - Surdos de Referência v1004\v0.mp4,1,D
97,DV(pessoa-correndo-pra-ai),69323,70183,./db\Alagoas\Inventário de Libras Maceió\Inventário Nacional de Libras - Surdos de Referência v1004\v0.mp4,1,D
98,DV(pessoa-encontrar-pessoa),70186,70913,./db\Alagoas\Inventário de Libras Maceió\Inventário Nacional de Libras - Surdos de Referência v1004\v0.mp4,1,D
99,PODER,5490,5975,./db\Alagoas\Inventário de Libras Maceió\Inventário Nacional de Libras - Surdos de Referência v1004\v0.mp4,1,E
100,E(então),9840,10260,./db\Alagoas\Inventário de Libras Maceió\Inventário Nacional de Libras - Surdos de Referência v1004\v0.mp4,1,E
101,DV(andar-encontrar),12495,13535,./db\Alagoas\Inventário de Libras Maceió\Inventário Nacional de Libras - Surdos de Referência v1004\v0.mp4,1,E
102,IX(caminho),16250,16845,./db\Alagoas\Inventário de Libras Maceió\Inventário Nacional de Libras - Surdos de Referência v1004\v0.mp4,1,E
103,E(possitivo),16845,17235,./db\Alagoas\Inventário de Libras Maceió\Inventário Nacional de Libras - Surdos de Referência v1004\v0.mp4,1,E
104,OK,17235,17595,./db\Alagoas\Inventário de Libras Maceió\Inventário Nacional de Libras - Surdos de Referência v1004\v0.mp4,1,E
105,DV(pessoa-ficar),17595,19370,./db\Alagoas\Inventário de Libras Maceió\Inventário Nacional de Libras - Surdos de Referência v1004\v0.mp4,1,E
106,DV(pessoa-indo),19370,19645,./db\Alagoas\Inventário de Libras Maceió\Inventário Nacional de Libras - Surdos de Referência v1004\v0.mp4,1,E
107,IX(colocar-mochila-na-costa),19645,20375,./db\Alagoas\Inventário de Libras Maceió\Inventário Nacional de Libras - Surdos de Referência v1004\v0.mp4,1,E
108,IX(vidro-fino-colocar-mochila),20375,21245,./db\Alagoas\Inventário de Libras Maceió\Inventário Nacional de Libras - Surdos de Referência v1004\v0.mp4,1,E
109,E(pronto),21245,21615,./db\Alagoas\Inventário de Libras Maceió\Inventário Nacional de Libras - Surdos de Referência v1004\v0.mp4,1,E
110,DEM(ali),22830,23432,./db\Alagoas\Inventário de Libras Maceió\Inventário Nacional de Libras - Surdos de Referência v1004\v0.mp4,1,E
111,IX(casa),23432,23592,./db\Alagoas\Inventário de Libras Maceió\Inventário Nacional de Libras - Surdos de Referência v1004\v0.mp4,1,E
112,DV(vidro-quebrar),25581,26311,./db\Alagoas\Inventário de Libras Maceió\Inventário Nacional de Libras - Surdos de Referência v1004\v0.mp4,1,E
113,DV(vidro-quebrar),26826,27496,./db\Alagoas\Inventário de Libras Maceió\Inventário Nacional de Libras - Surdos de Referência v1004\v0.mp4,1,E
114,DV(pessoa-vindo-e-parar),27776,31616,./db\Alagoas\Inventário de Libras Maceió\Inventário Nacional de Libras - Surdos de Referência v1004\v0.mp4,1,E
115,DISFARÇAR,31836,32616,./db\Alagoas\Inventário de Libras Maceió\Inventário Nacional de Libras - Surdos de Referência v1004\v0.mp4,1,E
116,NÃO-SABER,34216,34796,./db\Alagoas\Inventário de Libras Maceió\Inventário Nacional de Libras - Surdos de Referência v1004\v0.mp4,1,E
117,DV(quadrado),35281,35851,./db\Alagoas\Inventário de Libras Maceió\Inventário Nacional de Libras - Surdos de Referência v1004\v0.mp4,1,E
118,DV(tirar-quadro-na-costa),36766,37543,./db\Alagoas\Inventário de Libras Maceió\Inventário Nacional de Libras - Surdos de Referência v1004\v0.mp4,1,E
119,DV(quadro-colocar),37543,38235,./db\Alagoas\Inventário de Libras Maceió\Inventário Nacional de Libras - Surdos de Referência v1004\v0.mp4,1,E
120,DV(pessoa-parado),38235,39485,./db\Alagoas\Inventário de Libras Maceió\Inventário Nacional de Libras - Surdos de Referência v1004\v0.mp4,1,E
121,DV(vidro-quebrar)+,42000,43330,./db\Alagoas\Inventário de Libras Maceió\Inventário Nacional de Libras - Surdos de Referência v1004\v0.mp4,1,E
122,DV(pessoa-saindo-correndo),43332,44237,./db\Alagoas\Inventário de Libras Maceió\Inventário Nacional de Libras - Surdos de Referência v1004\v0.mp4,1,E
123,ARRUMAR,44387,45342,./db\Alagoas\Inventário de Libras Maceió\Inventário Nacional de Libras - Surdos de Referência v1004\v0.mp4,1,E
124,DV(pessoa-indo-e-parado),45342,46379,./db\Alagoas\Inventário de Libras Maceió\Inventário Nacional de Libras - Surdos de Referência v1004\v0.mp4,1,E
125,BOIA-1,46379,46717,./db\Alagoas\Inventário de Libras Maceió\Inventário Nacional de Libras - Surdos de Referência v1004\v0.mp4,1,E
126,BOIA-2,46717,47640,./db\Alagoas\Inventário de Libras Maceió\Inventário Nacional de Libras - Surdos de Referência v1004\v0.mp4,1,E
127,BOIA-3,47642,48169,./db\Alagoas\Inventário de Libras Maceió\Inventário Nacional de Libras - Surdos de Referência v1004\v0.mp4,1,E
128,DV(o-que-foi),50494,51139,./db\Alagoas\Inventário de Libras Maceió\Inventário Nacional de Libras - Surdos de Referência v1004\v0.mp4,1,E
129,NÃO++,51139,51633,./db\Alagoas\Inventário de Libras Maceió\Inventário Nacional de Libras - Surdos de Referência v1004\v0.mp4,1,E
130,FUGIR,51633,52036,./db\Alagoas\Inventário de Libras Maceió\Inventário Nacional de Libras - Surdos de Referência v1004\v0.mp4,1,E
131,DV(pessoa-saindo-correndo),52036,52786,./db\Alagoas\Inventário de Libras Maceió\Inventário Nacional de Libras - Surdos de Referência v1004\v0.mp4,1,E
132,???,55780,56608,./db\Alagoas\Inventário de Libras Maceió\Inventário Nacional de Libras - Surdos de Referência v1004\v0.mp4,1,E
133,DÚVIDAR,56945,57438,./db\Alagoas\Inventário de Libras Maceió\Inventário Nacional de Libras - Surdos de Referência v1004\v0.mp4,1,E
134,DV(segurar-objeto),57973,58569,./db\Alagoas\Inventário de Libras Maceió\Inventário Nacional de Libras - Surdos de Referência v1004\v0.mp4,1,E
135,AMARELOU,58569,59245,./db\Alagoas\Inventário de Libras Maceió\Inventário Nacional de Libras - Surdos de Referência v1004\v0.mp4,1,E
136,ARRUMAR,59247,59573,./db\Alagoas\Inventário de Libras Maceió\Inventário Nacional de Libras - Surdos de Referência v1004\v0.mp4,1,E
137,DV(limpar),59573,60397,./db\Alagoas\Inventário de Libras Maceió\Inventário Nacional de Libras - Surdos de Referência v1004\v0.mp4,1,E
138,DV(pessoa-ir-andando),60397,61243,./db\Alagoas\Inventário de Libras Maceió\Inventário Nacional de Libras - Surdos de Referência v1004\v0.mp4,1,E
139,DV(andando-uma-volta-aqui),61243,62197,./db\Alagoas\Inventário de Libras Maceió\Inventário Nacional de Libras - Surdos de Referência v1004\v0.mp4,1,E
140,PAGAR,62197,62623,./db\Alagoas\Inventário de Libras Maceió\Inventário Nacional de Libras - Surdos de Referência v1004\v0.mp4,1,E
141,DV(pessoa-indo-pra-ai),62623,62945,./db\Alagoas\Inventário de Libras Maceió\Inventário Nacional de Libras - Surdos de Referência v1004\v0.mp4,1,E
142,DV(pessoa-encontrou-outra-pessoa),62945,63890,./db\Alagoas\Inventário de Libras Maceió\Inventário Nacional de Libras - Surdos de Referência v1004\v0.mp4,1,E
143,DV(pessoa-fica),63890,64045,./db\Alagoas\Inventário de Libras Maceió\Inventário Nacional de Libras - Surdos de Referência v1004\v0.mp4,1,E
144,DV(pessoa-parado),64045,66665,./db\Alagoas\Inventário de Libras Maceió\Inventário Nacional de Libras - Surdos de Referência v1004\v0.mp4,1,E
145,DV(pessoa-parado),66667,68864,./db\Alagoas\Inventário de Libras Maceió\Inventário Nacional de Libras - Surdos de Referência v1004\v0.mp4,1,E
146,DV(pessoa-encontrar),68864,69274,./db\Alagoas\Inventário de Libras Maceió\Inventário Nacional de Libras - Surdos de Referência v1004\v0.mp4,1,E
147,DV(pessoa-saindo-correndo-devagar),69274,70189,./db\Alagoas\Inventário de Libras Maceió\Inventário Nacional de Libras - Surdos de Referência v1004\v0.mp4,1,E
148,DV(encontrar-pessoa-atrás-costa),70189,70913,./db\Alagoas\Inventário de Libras Maceió\Inventário Nacional de Libras - Surdos de Referência v1004\v0.mp4,1,E
149,E(possitivo),5000,5300,./db\Alagoas\Inventário de Libras Maceió\Inventário Nacional de Libras - Surdos de Referência v1004\v0.mp4,2,D
150,MAIS,5300,5810,./db\Alagoas\Inventário de Libras Maceió\Inventário Nacional de Libras - Surdos de Referência v1004\v0.mp4,2,D
151,NADA,5810,6170,./db\Alagoas\Inventário de Libras Maceió\Inventário Nacional de Libras - Surdos de Referência v1004\v0.mp4,2,D
152,E(possitivo),6170,6870,./db\Alagoas\Inventário de Libras Maceió\Inventário Nacional de Libras - Surdos de Referência v1004\v0.mp4,2,D
153,CONTINUAR,7535,8190,./db\Alagoas\Inventário de Libras Maceió\Inventário Nacional de Libras - Surdos de Referência v1004\v0.mp4,2,D
154,INCORPORAR,8190,9160,./db\Alagoas\Inventário de Libras Maceió\Inventário Nacional de Libras - Surdos de Referência v1004\v0.mp4,2,D
155,E(então),9160,9560,./db\Alagoas\Inventário de Libras Maceió\Inventário Nacional de Libras - Surdos de Referência v1004\v0.mp4,2,D
156,E(positivo),71205,71880,./db\Alagoas\Inventário de Libras Maceió\Inventário Nacional de Libras - Surdos de Referência v1004\v0.mp4,2,D
157,FIM,71880,72620,./db\Alagoas\Inventário de Libras Maceió\Inventário Nacional de Libras - Surdos de Referência v1004\v0.mp4,2,D
158,NADA,5810,6170,./db\Alagoas\Inventário de Libras Maceió\Inventário Nacional de Libras - Surdos de Referência v1004\v0.mp4,2,E
159,INCORPORAR,8190,9160,./db\Alagoas\Inventário de Libras Maceió\Inventário Nacional de Libras - Surdos de Referência v1004\v0.mp4,2,E
160,E(então),9160,9560,./db\Alagoas\Inventário de Libras Maceió\Inventário Nacional de Libras - Surdos de Referência v1004\v0.mp4,2,E
161,E(positivo),71205,71880,./db\Alagoas\Inventário de Libras Maceió\Inventário Nacional de Libras - Surdos de Referência v1004\v0.mp4,2,E
162,FIM,71880,72620,./db\Alagoas\Inventário de Libras Maceió\Inventário Nacional de Libras - Surdos de Referência v1004\v0.mp4,2,E
163,CONSEGUIR+,6970,7970,./db\Alagoas\Inventário de Libras Maceió\Inventário Nacional de Libras - Surdos de Referência v1007\v0.mp4,1,D
164,NÃO,7970,8710,./db\Alagoas\Inventário de Libras Maceió\Inventário Nacional de Libras - Surdos de Referência v1007\v0.mp4,1,D
165,E(positivo),8710,9290,./db\Alagoas\Inventário de Libras Maceió\Inventário Nacional de Libras - Surdos de Referência v1007\v0.mp4,1,D
166,E(então),11350,11870,./db\Alagoas\Inventário de Libras Maceió\Inventário Nacional de Libras - Surdos de Referência v1007\v0.mp4,1,D
167,HOMEM,11870,12600,./db\Alagoas\Inventário de Libras Maceió\Inventário Nacional de Libras - Surdos de Referência v1007\v0.mp4,1,D
168,SINAL(chaplin),12600,15190,./db\Alagoas\Inventário de Libras Maceió\Inventário Nacional de Libras - Surdos de Referência v1007\v0.mp4,1,D
169,CL,15286,15867,./db\Alagoas\Inventário de Libras Maceió\Inventário Nacional de Libras - Surdos de Referência v1007\v0.mp4,1,D
170,TUDO,15867,16270,./db\Alagoas\Inventário de Libras Maceió\Inventário Nacional de Libras - Surdos de Referência v1007\v0.mp4,1,D
171,NÃO,16270,16596,./db\Alagoas\Inventário de Libras Maceió\Inventário Nacional de Libras - Surdos de Referência v1007\v0.mp4,1,D
172,NATURAL,16999,17502,./db\Alagoas\Inventário de Libras Maceió\Inventário Nacional de Libras - Surdos de Referência v1007\v0.mp4,1,D
173,NORMAL,17502,18292,./db\Alagoas\Inventário de Libras Maceió\Inventário Nacional de Libras - Surdos de Referência v1007\v0.mp4,1,D
174,E(positivo),18414,19060,./db\Alagoas\Inventário de Libras Maceió\Inventário Nacional de Libras - Surdos de Referência v1007\v0.mp4,1,D
175,IX(ele),19060,19372,./db\Alagoas\Inventário de Libras Maceió\Inventário Nacional de Libras - Surdos de Referência v1007\v0.mp4,1,D
176,SINAL(chaplin),19372,22245,./db\Alagoas\Inventário de Libras Maceió\Inventário Nacional de Libras - Surdos de Referência v1007\v0.mp4,1,D
177,SENTAR,22253,22982,./db\Alagoas\Inventário de Libras Maceió\Inventário Nacional de Libras - Surdos de Referência v1007\v0.mp4,1,D
178,CASA,22982,23441,./db\Alagoas\Inventário de Libras Maceió\Inventário Nacional de Libras - Surdos de Referência v1007\v0.mp4,1,D
179,DENTRO,23441,24159,./db\Alagoas\Inventário de Libras Maceió\Inventário Nacional de Libras - Surdos de Referência v1007\v0.mp4,1,D
180,HOMEM,24159,24685,./db\Alagoas\Inventário de Libras Maceió\Inventário Nacional de Libras - Surdos de Referência v1007\v0.mp4,1,D
181,TAMANHO-PEQUENO,24685,25183,./db\Alagoas\Inventário de Libras Maceió\Inventário Nacional de Libras - Surdos de Referência v1007\v0.mp4,1,D
182,E(silêncio),25183,25472,./db\Alagoas\Inventário de Libras Maceió\Inventário Nacional de Libras - Surdos de Referência v1007\v0.mp4,1,D
183,COMBINAR,25472,26287,./db\Alagoas\Inventário de Libras Maceió\Inventário Nacional de Libras - Surdos de Referência v1007\v0.mp4,1,D
184,IX(ele),26287,26673,./db\Alagoas\Inventário de Libras Maceió\Inventário Nacional de Libras - Surdos de Referência v1007\v0.mp4,1,D
185,FS(vai),26673,27131,./db\Alagoas\Inventário de Libras Maceió\Inventário Nacional de Libras - Surdos de Referência v1007\v0.mp4,1,D
186,ADIANTE,27131,27659,./db\Alagoas\Inventário de Libras Maceió\Inventário Nacional de Libras - Surdos de Referência v1007\v0.mp4,1,D
187,FAZER,27659,27972,./db\Alagoas\Inventário de Libras Maceió\Inventário Nacional de Libras - Surdos de Referência v1007\v0.mp4,1,D
188,O-QUE,27972,28110,./db\Alagoas\Inventário de Libras Maceió\Inventário Nacional de Libras - Surdos de Referência v1007\v0.mp4,1,D
189,IX(ele),28110,28471,./db\Alagoas\Inventário de Libras Maceió\Inventário Nacional de Libras - Surdos de Referência v1007\v0.mp4,1,D
190,DV(ir-caminhar),28471,29201,./db\Alagoas\Inventário de Libras Maceió\Inventário Nacional de Libras - Surdos de Referência v1007\v0.mp4,1,D
191,HOMEM,29201,29702,./db\Alagoas\Inventário de Libras Maceió\Inventário Nacional de Libras - Surdos de Referência v1007\v0.mp4,1,D
192,E(positivo),29702,30134,./db\Alagoas\Inventário de Libras Maceió\Inventário Nacional de Libras - Surdos de Referência v1007\v0.mp4,1,D
193,COMBINAR,30134,30512,./db\Alagoas\Inventário de Libras Maceió\Inventário Nacional de Libras - Surdos de Referência v1007\v0.mp4,1,D
194,E(positivo),30512,30946,./db\Alagoas\Inventário de Libras Maceió\Inventário Nacional de Libras - Surdos de Referência v1007\v0.mp4,1,D
195,IR[?],30946,31457,./db\Alagoas\Inventário de Libras Maceió\Inventário Nacional de Libras - Surdos de Referência v1007\v0.mp4,1,D
196,E(positivo),31457,31772,./db\Alagoas\Inventário de Libras Maceió\Inventário Nacional de Libras - Surdos de Referência v1007\v0.mp4,1,D
197,IR[?],31772,31957,./db\Alagoas\Inventário de Libras Maceió\Inventário Nacional de Libras - Surdos de Referência v1007\v0.mp4,1,D
198,IX(eu),31957,32375,./db\Alagoas\Inventário de Libras Maceió\Inventário Nacional de Libras - Surdos de Referência v1007\v0.mp4,1,D
199,ORGANIZAR,32375,32830,./db\Alagoas\Inventário de Libras Maceió\Inventário Nacional de Libras - Surdos de Referência v1007\v0.mp4,1,D
200,VAI[?],32830,33164,./db\Alagoas\Inventário de Libras Maceió\Inventário Nacional de Libras - Surdos de Referência v1007\v0.mp4,1,D
201,OUTRO[?]//,33164,33494,./db\Alagoas\Inventário de Libras Maceió\Inventário Nacional de Libras - Surdos de Referência v1007\v0.mp4,1,D
202,HOMEM,33494,33812,./db\Alagoas\Inventário de Libras Maceió\Inventário Nacional de Libras - Surdos de Referência v1007\v0.mp4,1,D
203,FUNGIR,33812,34372,./db\Alagoas\Inventário de Libras Maceió\Inventário Nacional de Libras - Surdos de Referência v1007\v0.mp4,1,D
204,CAMINHAR//,34381,34898,./db\Alagoas\Inventário de Libras Maceió\Inventário Nacional de Libras - Surdos de Referência v1007\v0.mp4,1,D
205,ORGANIZAR,34899,35451,./db\Alagoas\Inventário de Libras Maceió\Inventário Nacional de Libras - Surdos de Referência v1007\v0.mp4,1,D
206,DV(colocar-mochila),35451,36702,./db\Alagoas\Inventário de Libras Maceió\Inventário Nacional de Libras - Surdos de Referência v1007\v0.mp4,1,D
207,RECURSO,36702,37278,./db\Alagoas\Inventário de Libras Maceió\Inventário Nacional de Libras - Surdos de Referência v1007\v0.mp4,1,D
208,VELUDO[?},37278,38977,./db\Alagoas\Inventário de Libras Maceió\Inventário Nacional de Libras - Surdos de Referência v1007\v0.mp4,1,D
209,DV(mochila-pasta-caminhar-embora),38977,42681,./db\Alagoas\Inventário de Libras Maceió\Inventário Nacional de Libras - Surdos de Referência v1007\v0.mp4,1,D
210,RUA,42681,43583,./db\Alagoas\Inventário de Libras Maceió\Inventário Nacional de Libras - Surdos de Referência v1007\v0.mp4,1,D
211,HOMEM,43583,44660,./db\Alagoas\Inventário de Libras Maceió\Inventário Nacional de Libras - Surdos de Referência v1007\v0.mp4,1,D
212,ANDAR,44660,46330,./db\Alagoas\Inventário de Libras Maceió\Inventário Nacional de Libras - Surdos de Referência v1007\v0.mp4,1,D
213,PEDRA,46330,47059,./db\Alagoas\Inventário de Libras Maceió\Inventário Nacional de Libras - Surdos de Referência v1007\v0.mp4,1,D
214,DV(pegar-pedra),47059,48846,./db\Alagoas\Inventário de Libras Maceió\Inventário Nacional de Libras - Surdos de Referência v1007\v0.mp4,1,D
215,VER,48846,49778,./db\Alagoas\Inventário de Libras Maceió\Inventário Nacional de Libras - Surdos de Referência v1007\v0.mp4,1,D
216,UMA,49778,49889,./db\Alagoas\Inventário de Libras Maceió\Inventário Nacional de Libras - Surdos de Referência v1007\v0.mp4,1,D
217,CASA,49889,50186,./db\Alagoas\Inventário de Libras Maceió\Inventário Nacional de Libras - Surdos de Referência v1007\v0.mp4,1,D
218,IX(ele),50186,50821,./db\Alagoas\Inventário de Libras Maceió\Inventário Nacional de Libras - Surdos de Referência v1007\v0.mp4,1,D
219,DV(silêncio-ir-atirar-pedra-janela-vidro-quebrar),50821,56389,./db\Alagoas\Inventário de Libras Maceió\Inventário Nacional de Libras - Surdos de Referência v1007\v0.mp4,1,D
220,HOMEM,56389,57507,./db\Alagoas\Inventário de Libras Maceió\Inventário Nacional de Libras - Surdos de Referência v1007\v0.mp4,1,D
221,DV(correr-fungir),57507,59465,./db\Alagoas\Inventário de Libras Maceió\Inventário Nacional de Libras - Surdos de Referência v1007\v0.mp4,1,D
222,IR-EMBORA,59465,60262,./db\Alagoas\Inventário de Libras Maceió\Inventário Nacional de Libras - Surdos de Referência v1007\v0.mp4,1,D
223,IX(ela),60262,60525,./db\Alagoas\Inventário de Libras Maceió\Inventário Nacional de Libras - Surdos de Referência v1007\v0.mp4,1,D
224,MULHER,60525,60711,./db\Alagoas\Inventário de Libras Maceió\Inventário Nacional de Libras - Surdos de Referência v1007\v0.mp4,1,D
225,DV(mulher-caminhar-deboche),60711,62219,./db\Alagoas\Inventário de Libras Maceió\Inventário Nacional de Libras - Surdos de Referência v1007\v0.mp4,1,D
226,MULHER,62219,62584,./db\Alagoas\Inventário de Libras Maceió\Inventário Nacional de Libras - Surdos de Referência v1007\v0.mp4,1,D
227,GORDA,62584,62957,./db\Alagoas\Inventário de Libras Maceió\Inventário Nacional de Libras - Surdos de Referência v1007\v0.mp4,1,D
228,DV(gorda-vestido-ver-quebrou),62957,65846,./db\Alagoas\Inventário de Libras Maceió\Inventário Nacional de Libras - Surdos de Referência v1007\v0.mp4,1,D
229,BRABA,65846,66482,./db\Alagoas\Inventário de Libras Maceió\Inventário Nacional de Libras - Surdos de Referência v1007\v0.mp4,1,D
230,VER//,66482,67092,./db\Alagoas\Inventário de Libras Maceió\Inventário Nacional de Libras - Surdos de Referência v1007\v0.mp4,1,D
231,VIR,67092,67762,./db\Alagoas\Inventário de Libras Maceió\Inventário Nacional de Libras - Surdos de Referência v1007\v0.mp4,1,D
232,DV(chaplin),67762,68168,./db\Alagoas\Inventário de Libras Maceió\Inventário Nacional de Libras - Surdos de Referência v1007\v0.mp4,1,D
233,E(igual),68168,68766,./db\Alagoas\Inventário de Libras Maceió\Inventário Nacional de Libras - Surdos de Referência v1007\v0.mp4,1,D
234,DISFARÇAR,68766,69421,./db\Alagoas\Inventário de Libras Maceió\Inventário Nacional de Libras - Surdos de Referência v1007\v0.mp4,1,D
235,DV(caminhar),69421,70554,./db\Alagoas\Inventário de Libras Maceió\Inventário Nacional de Libras - Surdos de Referência v1007\v0.mp4,1,D
236,IX(eu),70554,71317,./db\Alagoas\Inventário de Libras Maceió\Inventário Nacional de Libras - Surdos de Referência v1007\v0.mp4,1,D
237,PRECISAR,71317,71833,./db\Alagoas\Inventário de Libras Maceió\Inventário Nacional de Libras - Surdos de Referência v1007\v0.mp4,1,D
238,XXX,71833,72488,./db\Alagoas\Inventário de Libras Maceió\Inventário Nacional de Libras - Surdos de Referência v1007\v0.mp4,1,D
239,IX(ele),72488,72781,./db\Alagoas\Inventário de Libras Maceió\Inventário Nacional de Libras - Surdos de Referência v1007\v0.mp4,1,D
240,QUEBRAR,72781,73199,./db\Alagoas\Inventário de Libras Maceió\Inventário Nacional de Libras - Surdos de Referência v1007\v0.mp4,1,D
241,IX(ele),73199,73496,./db\Alagoas\Inventário de Libras Maceió\Inventário Nacional de Libras - Surdos de Referência v1007\v0.mp4,1,D
242,XXX,73496,74220,./db\Alagoas\Inventário de Libras Maceió\Inventário Nacional de Libras - Surdos de Referência v1007\v0.mp4,1,D
243,ACEITAR,74220,74827,./db\Alagoas\Inventário de Libras Maceió\Inventário Nacional de Libras - Surdos de Referência v1007\v0.mp4,1,D
244,PROJETO,74827,75568,./db\Alagoas\Inventário de Libras Maceió\Inventário Nacional de Libras - Surdos de Referência v1007\v0.mp4,1,D
245,E(positivo),75568,75973,./db\Alagoas\Inventário de Libras Maceió\Inventário Nacional de Libras - Surdos de Referência v1007\v0.mp4,1,D
246,IX(ele),75973,76197,./db\Alagoas\Inventário de Libras Maceió\Inventário Nacional de Libras - Surdos de Referência v1007\v0.mp4,1,D
247,PROJETO,76197,76736,./db\Alagoas\Inventário de Libras Maceió\Inventário Nacional de Libras - Surdos de Referência v1007\v0.mp4,1,D
248,CLARO,76736,77837,./db\Alagoas\Inventário de Libras Maceió\Inventário Nacional de Libras - Surdos de Referência v1007\v0.mp4,1,D
249,PROJETO//,77837,78045,./db\Alagoas\Inventário de Libras Maceió\Inventário Nacional de Libras - Surdos de Referência v1007\v0.mp4,1,D
250,CLARO,78045,78535,./db\Alagoas\Inventário de Libras Maceió\Inventário Nacional de Libras - Surdos de Referência v1007\v0.mp4,1,D
251,PROJETO,78535,79087,./db\Alagoas\Inventário de Libras Maceió\Inventário Nacional de Libras - Surdos de Referência v1007\v0.mp4,1,D
252,TRABALHAR,79087,79496,./db\Alagoas\Inventário de Libras Maceió\Inventário Nacional de Libras - Surdos de Referência v1007\v0.mp4,1,D
253,LADO,79496,80011,./db\Alagoas\Inventário de Libras Maceió\Inventário Nacional de Libras - Surdos de Referência v1007\v0.mp4,1,D
254,IX(ele),80011,80560,./db\Alagoas\Inventário de Libras Maceió\Inventário Nacional de Libras - Surdos de Referência v1007\v0.mp4,1,D
255,HOMEM,80560,80928,./db\Alagoas\Inventário de Libras Maceió\Inventário Nacional de Libras - Surdos de Referência v1007\v0.mp4,1,D
256,OUTRO,80928,81597,./db\Alagoas\Inventário de Libras Maceió\Inventário Nacional de Libras - Surdos de Referência v1007\v0.mp4,1,D
257,CASA[?],81597,81808,./db\Alagoas\Inventário de Libras Maceió\Inventário Nacional de Libras - Surdos de Referência v1007\v0.mp4,1,D
258,DV(caminhar-porta-espiar-atirar),81808,87386,./db\Alagoas\Inventário de Libras Maceió\Inventário Nacional de Libras - Surdos de Referência v1007\v0.mp4,1,D
259,PRONTO,87386,88119,./db\Alagoas\Inventário de Libras Maceió\Inventário Nacional de Libras - Surdos de Referência v1007\v0.mp4,1,D
260,E(depois)//,88119,88650,./db\Alagoas\Inventário de Libras Maceió\Inventário Nacional de Libras - Surdos de Referência v1007\v0.mp4,1,D
261,IX2(médio-indicador),88650,89235,./db\Alagoas\Inventário de Libras Maceió\Inventário Nacional de Libras - Surdos de Referência v1007\v0.mp4,1,D
262,IX(ele),89235,89443,./db\Alagoas\Inventário de Libras Maceió\Inventário Nacional de Libras - Surdos de Referência v1007\v0.mp4,1,D
263,DV(escondido),89443,89692,./db\Alagoas\Inventário de Libras Maceió\Inventário Nacional de Libras - Surdos de Referência v1007\v0.mp4,1,D
264,OUTRO,89692,90149,./db\Alagoas\Inventário de Libras Maceió\Inventário Nacional de Libras - Surdos de Referência v1007\v0.mp4,1,D
265,DV(escondido-olhar-nada-pegar-caminhar-encontrar),90149,94513,./db\Alagoas\Inventário de Libras Maceió\Inventário Nacional de Libras - Surdos de Referência v1007\v0.mp4,1,D
266,POLICIA+,94513,95957,./db\Alagoas\Inventário de Libras Maceió\Inventário Nacional de Libras - Surdos de Referência v1007\v0.mp4,1,D
267,DV(bater),95957,98088,./db\Alagoas\Inventário de Libras Maceió\Inventário Nacional de Libras - Surdos de Referência v1007\v0.mp4,1,D
268,OLHAR,98088,99845,./db\Alagoas\Inventário de Libras Maceió\Inventário Nacional de Libras - Surdos de Referência v1007\v0.mp4,1,D
269,HOMEM//,99845,100133,./db\Alagoas\Inventário de Libras Maceió\Inventário Nacional de Libras - Surdos de Referência v1007\v0.mp4,1,D
270,POLICIA//,100133,100312,./db\Alagoas\Inventário de Libras Maceió\Inventário Nacional de Libras - Surdos de Referência v1007\v0.mp4,1,D
271,DV(deboche),100312,101011,./db\Alagoas\Inventário de Libras Maceió\Inventário Nacional de Libras - Surdos de Referência v1007\v0.mp4,1,D
272,DV(olhar-medo-sorrir-vergonha-correr),101011,106220,./db\Alagoas\Inventário de Libras Maceió\Inventário Nacional de Libras - Surdos de Referência v1007\v0.mp4,1,D
273,IR-EMBORA,106220,107404,./db\Alagoas\Inventário de Libras Maceió\Inventário Nacional de Libras - Surdos de Referência v1007\v0.mp4,1,D
274,POLICIA,107404,107836,./db\Alagoas\Inventário de Libras Maceió\Inventário Nacional de Libras - Surdos de Referência v1007\v0.mp4,1,D
275,DV(saber-nada-andar-viu-quebrar),107836,111766,./db\Alagoas\Inventário de Libras Maceió\Inventário Nacional de Libras - Surdos de Referência v1007\v0.mp4,1,D
276,VIDRO,111766,112627,./db\Alagoas\Inventário de Libras Maceió\Inventário Nacional de Libras - Surdos de Referência v1007\v0.mp4,1,D
277,É,112627,112793,./db\Alagoas\Inventário de Libras Maceió\Inventário Nacional de Libras - Surdos de Referência v1007\v0.mp4,1,D
278,IX(ele),112793,113517,./db\Alagoas\Inventário de Libras Maceió\Inventário Nacional de Libras - Surdos de Referência v1007\v0.mp4,1,D
279,HOMEM//,113517,114378,./db\Alagoas\Inventário de Libras Maceió\Inventário Nacional de Libras - Surdos de Referência v1007\v0.mp4,1,D
280,DEIXAR,114378,115260,./db\Alagoas\Inventário de Libras Maceió\Inventário Nacional de Libras - Surdos de Referência v1007\v0.mp4,1,D
281,JÁ-FOI,115260,115949,./db\Alagoas\Inventário de Libras Maceió\Inventário Nacional de Libras - Surdos de Referência v1007\v0.mp4,1,D
282,IR-EMBORA,115949,116348,./db\Alagoas\Inventário de Libras Maceió\Inventário Nacional de Libras - Surdos de Referência v1007\v0.mp4,1,D
283,DV(caminhar-bengala-ver-bigode),116771,120931,./db\Alagoas\Inventário de Libras Maceió\Inventário Nacional de Libras - Surdos de Referência v1007\v0.mp4,1,D
284,CLARO,120931,121952,./db\Alagoas\Inventário de Libras Maceió\Inventário Nacional de Libras - Surdos de Referência v1007\v0.mp4,1,D
285,PRONTO//,121952,122287,./db\Alagoas\Inventário de Libras Maceió\Inventário Nacional de Libras - Surdos de Referência v1007\v0.mp4,1,D
286,FIM,122287,122655,./db\Alagoas\Inventário de Libras Maceió\Inventário Nacional de Libras - Surdos de Referência v1007\v0.mp4,1,D
287,VIDRO,122655,123142,./db\Alagoas\Inventário de Libras Maceió\Inventário Nacional de Libras - Surdos de Referência v1007\v0.mp4,1,D
288,XXX,123142,124651,./db\Alagoas\Inventário de Libras Maceió\Inventário Nacional de Libras - Surdos de Referência v1007\v0.mp4,1,D
289,DV(em-pé),124651,125958,./db\Alagoas\Inventário de Libras Maceió\Inventário Nacional de Libras - Surdos de Referência v1007\v0.mp4,1,D
290,IX(eu),125958,126768,./db\Alagoas\Inventário de Libras Maceió\Inventário Nacional de Libras - Surdos de Referência v1007\v0.mp4,1,D
291,POLICIA,126768,127083,./db\Alagoas\Inventário de Libras Maceió\Inventário Nacional de Libras - Surdos de Referência v1007\v0.mp4,1,D
292,DV(policia-olhar),127083,128969,./db\Alagoas\Inventário de Libras Maceió\Inventário Nacional de Libras - Surdos de Referência v1007\v0.mp4,1,D
293,DESCONFIAR//,128969,129503,./db\Alagoas\Inventário de Libras Maceió\Inventário Nacional de Libras - Surdos de Referência v1007\v0.mp4,1,D
294,PARECER//,129503,129613,./db\Alagoas\Inventário de Libras Maceió\Inventário Nacional de Libras - Surdos de Referência v1007\v0.mp4,1,D
295,PERIGOSO_,129613,129763,./db\Alagoas\Inventário de Libras Maceió\Inventário Nacional de Libras - Surdos de Referência v1007\v0.mp4,1,D
296,DESCONFIAR//,129763,130273,./db\Alagoas\Inventário de Libras Maceió\Inventário Nacional de Libras - Surdos de Referência v1007\v0.mp4,1,D
297,MULHER,130917,131242,./db\Alagoas\Inventário de Libras Maceió\Inventário Nacional de Libras - Surdos de Referência v1007\v0.mp4,1,D
298,CAMINHAR,131242,132843,./db\Alagoas\Inventário de Libras Maceió\Inventário Nacional de Libras - Surdos de Referência v1007\v0.mp4,1,D
299,PRONTO,132843,133155,./db\Alagoas\Inventário de Libras Maceió\Inventário Nacional de Libras - Surdos de Referência v1007\v0.mp4,1,D
300,IX(eu)//,133155,133318,./db\Alagoas\Inventário de Libras Maceió\Inventário Nacional de Libras - Surdos de Referência v1007\v0.mp4,1,D
301,PAGAR,133318,133757,./db\Alagoas\Inventário de Libras Maceió\Inventário Nacional de Libras - Surdos de Referência v1007\v0.mp4,1,D
302,IX(ele),133757,134116,./db\Alagoas\Inventário de Libras Maceió\Inventário Nacional de Libras - Surdos de Referência v1007\v0.mp4,1,D
303,APLAUDIR,134116,134484,./db\Alagoas\Inventário de Libras Maceió\Inventário Nacional de Libras - Surdos de Referência v1007\v0.mp4,1,D
304,AGRADECER,134484,134953,./db\Alagoas\Inventário de Libras Maceió\Inventário Nacional de Libras - Surdos de Referência v1007\v0.mp4,1,D
305,PAGAR,134953,135863,./db\Alagoas\Inventário de Libras Maceió\Inventário Nacional de Libras - Surdos de Referência v1007\v0.mp4,1,D
306,PRONTO//,135863,136065,./db\Alagoas\Inventário de Libras Maceió\Inventário Nacional de Libras - Surdos de Referência v1007\v0.mp4,1,D
307,DV(feliz),136065,139059,./db\Alagoas\Inventário de Libras Maceió\Inventário Nacional de Libras - Surdos de Referência v1007\v0.mp4,1,D
308,POLICIA,139059,139374,./db\Alagoas\Inventário de Libras Maceió\Inventário Nacional de Libras - Surdos de Referência v1007\v0.mp4,1,D
309,VER,139374,140411,./db\Alagoas\Inventário de Libras Maceió\Inventário Nacional de Libras - Surdos de Referência v1007\v0.mp4,1,D
310,SINAL(chaplin),140950,141514,./db\Alagoas\Inventário de Libras Maceió\Inventário Nacional de Libras - Surdos de Referência v1007\v0.mp4,1,D
311,DV(andar-mochila),141514,142824,./db\Alagoas\Inventário de Libras Maceió\Inventário Nacional de Libras - Surdos de Referência v1007\v0.mp4,1,D
312,HOMEM,142824,143074,./db\Alagoas\Inventário de Libras Maceió\Inventário Nacional de Libras - Surdos de Referência v1007\v0.mp4,1,D
313,DV(encontrar-sai!-sai!),143074,144704,./db\Alagoas\Inventário de Libras Maceió\Inventário Nacional de Libras - Surdos de Referência v1007\v0.mp4,1,D
314,QUERER-NÃO,144704,145382,./db\Alagoas\Inventário de Libras Maceió\Inventário Nacional de Libras - Surdos de Referência v1007\v0.mp4,1,D
315,DV(pessoas-olhar),145382,146038,./db\Alagoas\Inventário de Libras Maceió\Inventário Nacional de Libras - Surdos de Referência v1007\v0.mp4,1,D
316,POLICIA,146038,146347,./db\Alagoas\Inventário de Libras Maceió\Inventário Nacional de Libras - Surdos de Referência v1007\v0.mp4,1,D
317,VER,146347,147262,./db\Alagoas\Inventário de Libras Maceió\Inventário Nacional de Libras - Surdos de Referência v1007\v0.mp4,1,D
318,IX(nós)//,147262,147780,./db\Alagoas\Inventário de Libras Maceió\Inventário Nacional de Libras - Surdos de Referência v1007\v0.mp4,1,D
319,JUNTO,147780,148088,./db\Alagoas\Inventário de Libras Maceió\Inventário Nacional de Libras - Surdos de Referência v1007\v0.mp4,1,D
320,NÃO//,148088,148200,./db\Alagoas\Inventário de Libras Maceió\Inventário Nacional de Libras - Surdos de Referência v1007\v0.mp4,1,D
321,DV(ficar-longe),148200,149426,./db\Alagoas\Inventário de Libras Maceió\Inventário Nacional de Libras - Surdos de Referência v1007\v0.mp4,1,D
322,POLICIA,149426,149799,./db\Alagoas\Inventário de Libras Maceió\Inventário Nacional de Libras - Surdos de Referência v1007\v0.mp4,1,D
323,DV(ver-brabo),149799,150622,./db\Alagoas\Inventário de Libras Maceió\Inventário Nacional de Libras - Surdos de Referência v1007\v0.mp4,1,D
324,DOIS,150622,151249,./db\Alagoas\Inventário de Libras Maceió\Inventário Nacional de Libras - Surdos de Referência v1007\v0.mp4,1,D
325,É,151249,151724,./db\Alagoas\Inventário de Libras Maceió\Inventário Nacional de Libras - Surdos de Referência v1007\v0.mp4,1,D
326,SEGUIR,151724,152355,./db\Alagoas\Inventário de Libras Maceió\Inventário Nacional de Libras - Surdos de Referência v1007\v0.mp4,1,D
327,DV(dois-pessoas-bater-desespero-correr),152355,154023,./db\Alagoas\Inventário de Libras Maceió\Inventário Nacional de Libras - Surdos de Referência v1007\v0.mp4,1,D
328,IR-EMBORA_,154023,154909,./db\Alagoas\Inventário de Libras Maceió\Inventário Nacional de Libras - Surdos de Referência v1007\v0.mp4,1,D
329,FIM,154909,155727,./db\Alagoas\Inventário de Libras Maceió\Inventário Nacional de Libras - Surdos de Referência v1007\v0.mp4,1,D
330,E(fechar),156005,156903,./db\Alagoas\Inventário de Libras Maceió\Inventário Nacional de Libras - Surdos de Referência v1007\v0.mp4,1,D
331,E(positivo),157830,158348,./db\Alagoas\Inventário de Libras Maceió\Inventário Nacional de Libras - Surdos de Referência v1007\v0.mp4,1,D
332,ACABAR,158776,159224,./db\Alagoas\Inventário de Libras Maceió\Inventário Nacional de Libras - Surdos de Referência v1007\v0.mp4,1,D
333,TUDO,15867,16270,./db\Alagoas\Inventário de Libras Maceió\Inventário Nacional de Libras - Surdos de Referência v1007\v0.mp4,1,E
334,NORMAL,16596,16999,./db\Alagoas\Inventário de Libras Maceió\Inventário Nacional de Libras - Surdos de Referência v1007\v0.mp4,1,E
335,NATURAL,16999,17502,./db\Alagoas\Inventário de Libras Maceió\Inventário Nacional de Libras - Surdos de Referência v1007\v0.mp4,1,E
336,NORMAL,17502,18292,./db\Alagoas\Inventário de Libras Maceió\Inventário Nacional de Libras - Surdos de Referência v1007\v0.mp4,1,E
337,SINAL(chaplin),19381,22253,./db\Alagoas\Inventário de Libras Maceió\Inventário Nacional de Libras - Surdos de Referência v1007\v0.mp4,1,E
338,SENTAR,22253,22982,./db\Alagoas\Inventário de Libras Maceió\Inventário Nacional de Libras - Surdos de Referência v1007\v0.mp4,1,E
339,CASA,22982,23441,./db\Alagoas\Inventário de Libras Maceió\Inventário Nacional de Libras - Surdos de Referência v1007\v0.mp4,1,E
340,DENTRO,23441,24159,./db\Alagoas\Inventário de Libras Maceió\Inventário Nacional de Libras - Surdos de Referência v1007\v0.mp4,1,E
341,COMBINAR,25472,26290,./db\Alagoas\Inventário de Libras Maceió\Inventário Nacional de Libras - Surdos de Referência v1007\v0.mp4,1,E
342,E(positivo),29702,30134,./db\Alagoas\Inventário de Libras Maceió\Inventário Nacional de Libras - Surdos de Referência v1007\v0.mp4,1,E
343,COMBINAR,30134,30512,./db\Alagoas\Inventário de Libras Maceió\Inventário Nacional de Libras - Surdos de Referência v1007\v0.mp4,1,E
344,E(positivo),30512,30946,./db\Alagoas\Inventário de Libras Maceió\Inventário Nacional de Libras - Surdos de Referência v1007\v0.mp4,1,E
345,IR[?],30946,31457,./db\Alagoas\Inventário de Libras Maceió\Inventário Nacional de Libras - Surdos de Referência v1007\v0.mp4,1,E
346,E(positivo),31457,31772,./db\Alagoas\Inventário de Libras Maceió\Inventário Nacional de Libras - Surdos de Referência v1007\v0.mp4,1,E
347,IR[?],31772,31963,./db\Alagoas\Inventário de Libras Maceió\Inventário Nacional de Libras - Surdos de Referência v1007\v0.mp4,1,E
348,ORGANIZAR,32375,32830,./db\Alagoas\Inventário de Libras Maceió\Inventário Nacional de Libras - Surdos de Referência v1007\v0.mp4,1,E
349,VAI[?],32830,33166,./db\Alagoas\Inventário de Libras Maceió\Inventário Nacional de Libras - Surdos de Referência v1007\v0.mp4,1,E
350,FUNGIR,33805,34372,./db\Alagoas\Inventário de Libras Maceió\Inventário Nacional de Libras - Surdos de Referência v1007\v0.mp4,1,E
351,CAMINHAR//,34381,34899,./db\Alagoas\Inventário de Libras Maceió\Inventário Nacional de Libras - Surdos de Referência v1007\v0.mp4,1,E
352,ORGANIZAR,34899,35451,./db\Alagoas\Inventário de Libras Maceió\Inventário Nacional de Libras - Surdos de Referência v1007\v0.mp4,1,E
353,DV(colocar-mochila),35451,36702,./db\Alagoas\Inventário de Libras Maceió\Inventário Nacional de Libras - Surdos de Referência v1007\v0.mp4,1,E
354,RECURSO,36702,37278,./db\Alagoas\Inventário de Libras Maceió\Inventário Nacional de Libras - Surdos de Referência v1007\v0.mp4,1,E
355,DV(mochila-pasta-caminhar-embora),38977,42681,./db\Alagoas\Inventário de Libras Maceió\Inventário Nacional de Libras - Surdos de Referência v1007\v0.mp4,1,E
356,RUA,42681,43617,./db\Alagoas\Inventário de Libras Maceió\Inventário Nacional de Libras - Surdos de Referência v1007\v0.mp4,1,E
357,PEDRA,46330,47059,./db\Alagoas\Inventário de Libras Maceió\Inventário Nacional de Libras - Surdos de Referência v1007\v0.mp4,1,E
358,DV(pegar-pedra),47059,48881,./db\Alagoas\Inventário de Libras Maceió\Inventário Nacional de Libras - Surdos de Referência v1007\v0.mp4,1,E
359,CASA,49889,50219,./db\Alagoas\Inventário de Libras Maceió\Inventário Nacional de Libras - Surdos de Referência v1007\v0.mp4,1,E
360,DV(correr-fungir),57507,59465,./db\Alagoas\Inventário de Libras Maceió\Inventário Nacional de Libras - Surdos de Referência v1007\v0.mp4,1,E
361,DISFARÇAR,68766,69421,./db\Alagoas\Inventário de Libras Maceió\Inventário Nacional de Libras - Surdos de Referência v1007\v0.mp4,1,E
362,PRECISAR,71317,71833,./db\Alagoas\Inventário de Libras Maceió\Inventário Nacional de Libras - Surdos de Referência v1007\v0.mp4,1,E
363,XXX,71833,72515,./db\Alagoas\Inventário de Libras Maceió\Inventário Nacional de Libras - Surdos de Referência v1007\v0.mp4,1,E
364,QUEBRAR,72781,73229,./db\Alagoas\Inventário de Libras Maceió\Inventário Nacional de Libras - Surdos de Referência v1007\v0.mp4,1,E
365,ACEITAR,74220,74827,./db\Alagoas\Inventário de Libras Maceió\Inventário Nacional de Libras - Surdos de Referência v1007\v0.mp4,1,E
366,PROJETO,74827,75568,./db\Alagoas\Inventário de Libras Maceió\Inventário Nacional de Libras - Surdos de Referência v1007\v0.mp4,1,E
367,E(positivo),75568,75990,./db\Alagoas\Inventário de Libras Maceió\Inventário Nacional de Libras - Surdos de Referência v1007\v0.mp4,1,E
368,CLARO,76736,77837,./db\Alagoas\Inventário de Libras Maceió\Inventário Nacional de Libras - Surdos de Referência v1007\v0.mp4,1,E
369,PROJETO//,77837,78045,./db\Alagoas\Inventário de Libras Maceió\Inventário Nacional de Libras - Surdos de Referência v1007\v0.mp4,1,E
370,CLARO,78045,78535,./db\Alagoas\Inventário de Libras Maceió\Inventário Nacional de Libras - Surdos de Referência v1007\v0.mp4,1,E
371,PROJETO,78535,79087,./db\Alagoas\Inventário de Libras Maceió\Inventário Nacional de Libras - Surdos de Referência v1007\v0.mp4,1,E
372,TRABALHAR,79087,79496,./db\Alagoas\Inventário de Libras Maceió\Inventário Nacional de Libras - Surdos de Referência v1007\v0.mp4,1,E
373,LADO,79496,80030,./db\Alagoas\Inventário de Libras Maceió\Inventário Nacional de Libras - Surdos de Referência v1007\v0.mp4,1,E
374,BOIA-2,88650,89245,./db\Alagoas\Inventário de Libras Maceió\Inventário Nacional de Libras - Surdos de Referência v1007\v0.mp4,1,E
375,DV(escondido),89443,89692,./db\Alagoas\Inventário de Libras Maceió\Inventário Nacional de Libras - Surdos de Referência v1007\v0.mp4,1,E
376,DV(escondido-olhar-nada-pegar-caminhar-encontrar),90149,94513,./db\Alagoas\Inventário de Libras Maceió\Inventário Nacional de Libras - Surdos de Referência v1007\v0.mp4,1,E
377,DV(bater),95957,98088,./db\Alagoas\Inventário de Libras Maceió\Inventário Nacional de Libras - Surdos de Referência v1007\v0.mp4,1,E
378,DV(deboche),100312,101011,./db\Alagoas\Inventário de Libras Maceió\Inventário Nacional de Libras - Surdos de Referência v1007\v0.mp4,1,E
379,DV(olhar-medo-sorrir-vergonha-correr),101011,106220,./db\Alagoas\Inventário de Libras Maceió\Inventário Nacional de Libras - Surdos de Referência v1007\v0.mp4,1,E
380,DV(saber-nada-andar-viu-quebrar),107836,111766,./db\Alagoas\Inventário de Libras Maceió\Inventário Nacional de Libras - Surdos de Referência v1007\v0.mp4,1,E
381,VIDRO,111766,112637,./db\Alagoas\Inventário de Libras Maceió\Inventário Nacional de Libras - Surdos de Referência v1007\v0.mp4,1,E
382,DEIXAR,114378,115260,./db\Alagoas\Inventário de Libras Maceió\Inventário Nacional de Libras - Surdos de Referência v1007\v0.mp4,1,E
383,JÁ-FOI,115260,115949,./db\Alagoas\Inventário de Libras Maceió\Inventário Nacional de Libras - Surdos de Referência v1007\v0.mp4,1,E
384,IR-EMBORA,115949,116348,./db\Alagoas\Inventário de Libras Maceió\Inventário Nacional de Libras - Surdos de Referência v1007\v0.mp4,1,E
385,CLARO,120931,121952,./db\Alagoas\Inventário de Libras Maceió\Inventário Nacional de Libras - Surdos de Referência v1007\v0.mp4,1,E
386,PRONTO//,121952,122287,./db\Alagoas\Inventário de Libras Maceió\Inventário Nacional de Libras - Surdos de Referência v1007\v0.mp4,1,E
387,FIM,122287,122655,./db\Alagoas\Inventário de Libras Maceió\Inventário Nacional de Libras - Surdos de Referência v1007\v0.mp4,1,E
388,VIDRO,122655,123142,./db\Alagoas\Inventário de Libras Maceió\Inventário Nacional de Libras - Surdos de Referência v1007\v0.mp4,1,E
389,XXX,123142,124670,./db\Alagoas\Inventário de Libras Maceió\Inventário Nacional de Libras - Surdos de Referência v1007\v0.mp4,1,E
390,DESCONFIAR//,128969,129515,./db\Alagoas\Inventário de Libras Maceió\Inventário Nacional de Libras - Surdos de Referência v1007\v0.mp4,1,E
391,DESCONFIAR//,129763,130273,./db\Alagoas\Inventário de Libras Maceió\Inventário Nacional de Libras - Surdos de Referência v1007\v0.mp4,1,E
392,PRONTO,132843,133180,./db\Alagoas\Inventário de Libras Maceió\Inventário Nacional de Libras - Surdos de Referência v1007\v0.mp4,1,E
393,PAGAR,133318,133784,./db\Alagoas\Inventário de Libras Maceió\Inventário Nacional de Libras - Surdos de Referência v1007\v0.mp4,1,E
394,APLAUDIR,134116,134484,./db\Alagoas\Inventário de Libras Maceió\Inventário Nacional de Libras - Surdos de Referência v1007\v0.mp4,1,E
395,AGRADECER,134484,134953,./db\Alagoas\Inventário de Libras Maceió\Inventário Nacional de Libras - Surdos de Referência v1007\v0.mp4,1,E
396,PAGAR,134953,135863,./db\Alagoas\Inventário de Libras Maceió\Inventário Nacional de Libras - Surdos de Referência v1007\v0.mp4,1,E
397,PRONTO//,135863,136065,./db\Alagoas\Inventário de Libras Maceió\Inventário Nacional de Libras - Surdos de Referência v1007\v0.mp4,1,E
398,DV(feliz),136065,139065,./db\Alagoas\Inventário de Libras Maceió\Inventário Nacional de Libras - Surdos de Referência v1007\v0.mp4,1,E
399,DV(andar-mochila),141514,142824,./db\Alagoas\Inventário de Libras Maceió\Inventário Nacional de Libras - Surdos de Referência v1007\v0.mp4,1,E
400,DV(encontrar-sai!-sai!),143074,144704,./db\Alagoas\Inventário de Libras Maceió\Inventário Nacional de Libras - Surdos de Referência v1007\v0.mp4,1,E
401,QUERER-NÃO,144704,145382,./db\Alagoas\Inventário de Libras Maceió\Inventário Nacional de Libras - Surdos de Referência v1007\v0.mp4,1,E
402,DV(pessoas-olhar),145382,146049,./db\Alagoas\Inventário de Libras Maceió\Inventário Nacional de Libras - Surdos de Referência v1007\v0.mp4,1,E
403,JUNTO,147780,148092,./db\Alagoas\Inventário de Libras Maceió\Inventário Nacional de Libras - Surdos de Referência v1007\v0.mp4,1,E
404,DV(ver-brabo),149799,150630,./db\Alagoas\Inventário de Libras Maceió\Inventário Nacional de Libras - Surdos de Referência v1007\v0.mp4,1,E
405,DV(dois-pessoas-bater-desespero-correr),152355,154023,./db\Alagoas\Inventário de Libras Maceió\Inventário Nacional de Libras - Surdos de Referência v1007\v0.mp4,1,E
406,IR-EMBORA_,154023,154909,./db\Alagoas\Inventário de Libras Maceió\Inventário Nacional de Libras - Surdos de Referência v1007\v0.mp4,1,E
407,FIM,154909,155717,./db\Alagoas\Inventário de Libras Maceió\Inventário Nacional de Libras - Surdos de Referência v1007\v0.mp4,1,E
408,E(fechar),156005,156903,./db\Alagoas\Inventário de Libras Maceió\Inventário Nacional de Libras - Surdos de Referência v1007\v0.mp4,1,E
409,ACABAR,158776,159224,./db\Alagoas\Inventário de Libras Maceió\Inventário Nacional de Libras - Surdos de Referência v1007\v0.mp4,1,E
410,CERTO//,7080,7580,./db\Alagoas\Inventário de Libras Maceió\Inventário Nacional de Libras - Surdos de Referência v1007\v0.mp4,2,D
411,E(positivo),7910,8460,./db\Alagoas\Inventário de Libras Maceió\Inventário Nacional de Libras - Surdos de Referência v1007\v0.mp4,2,D
412,DAR//,8460,8790,./db\Alagoas\Inventário de Libras Maceió\Inventário Nacional de Libras - Surdos de Referência v1007\v0.mp4,2,D
413,SABER,8790,9245,./db\Alagoas\Inventário de Libras Maceió\Inventário Nacional de Libras - Surdos de Referência v1007\v0.mp4,2,D
414,E(positivo),9245,10100,./db\Alagoas\Inventário de Libras Maceió\Inventário Nacional de Libras - Surdos de Referência v1007\v0.mp4,2,D
415,PRODUZIR,10100,10630,./db\Alagoas\Inventário de Libras Maceió\Inventário Nacional de Libras - Surdos de Referência v1007\v0.mp4,2,D
416,CONTAR,10630,11120,./db\Alagoas\Inventário de Libras Maceió\Inventário Nacional de Libras - Surdos de Referência v1007\v0.mp4,2,D
417,PRECISA,15190,15286,./db\Alagoas\Inventário de Libras Maceió\Inventário Nacional de Libras - Surdos de Referência v1007\v0.mp4,2,D
418,LIVRE,16403,17187,./db\Alagoas\Inventário de Libras Maceió\Inventário Nacional de Libras - Surdos de Referência v1007\v0.mp4,2,D
419,SEU,17187,17380,./db\Alagoas\Inventário de Libras Maceió\Inventário Nacional de Libras - Surdos de Referência v1007\v0.mp4,2,D
420,JEITO,17380,18032,./db\Alagoas\Inventário de Libras Maceió\Inventário Nacional de Libras - Surdos de Referência v1007\v0.mp4,2,D
421,SEU,18037,18496,./db\Alagoas\Inventário de Libras Maceió\Inventário Nacional de Libras - Surdos de Referência v1007\v0.mp4,2,D
422,FIM,155717,156279,./db\Alagoas\Inventário de Libras Maceió\Inventário Nacional de Libras - Surdos de Referência v1007\v0.mp4,2,D
423,E(positivo),156928,157306,./db\Alagoas\Inventário de Libras Maceió\Inventário Nacional de Libras - Surdos de Referência v1007\v0.mp4,2,D
424,AGRADECER,157306,157985,./db\Alagoas\Inventário de Libras Maceió\Inventário Nacional de Libras - Surdos de Referência v1007\v0.mp4,2,D
425,FIM,157985,158459,./db\Alagoas\Inventário de Libras Maceió\Inventário Nacional de Libras - Surdos de Referência v1007\v0.mp4,2,D
426,E(positivo),158459,159134,./db\Alagoas\Inventário de Libras Maceió\Inventário Nacional de Libras - Surdos de Referência v1007\v0.mp4,2,D
427,CERTO//,7080,7580,./db\Alagoas\Inventário de Libras Maceió\Inventário Nacional de Libras - Surdos de Referência v1007\v0.mp4,2,E
428,PRODUZIR,10100,10630,./db\Alagoas\Inventário de Libras Maceió\Inventário Nacional de Libras - Surdos de Referência v1007\v0.mp4,2,E
429,LIVRE,16403,17198,./db\Alagoas\Inventário de Libras Maceió\Inventário Nacional de Libras - Surdos de Referência v1007\v0.mp4,2,E
430,JEITO,17380,18037,./db\Alagoas\Inventário de Libras Maceió\Inventário Nacional de Libras - Surdos de Referência v1007\v0.mp4,2,E
431,FIM,155717,156279,./db\Alagoas\Inventário de Libras Maceió\Inventário Nacional de Libras - Surdos de Referência v1007\v0.mp4,2,E
432,E(positivo),156928,157306,./db\Alagoas\Inventário de Libras Maceió\Inventário Nacional de Libras - Surdos de Referência v1007\v0.mp4,2,E
433,AGRADECER,157306,157985,./db\Alagoas\Inventário de Libras Maceió\Inventário Nacional de Libras - Surdos de Referência v1007\v0.mp4,2,E
434,FIM,157985,158459,./db\Alagoas\Inventário de Libras Maceió\Inventário Nacional de Libras - Surdos de Referência v1007\v0.mp4,2,E
435,E(positivo),158459,159134,./db\Alagoas\Inventário de Libras Maceió\Inventário Nacional de Libras - Surdos de Referência v1007\v0.mp4,2,E
436,IX(ele),12420,12648,./db\Alagoas\Inventário de Libras Maceió\Inventário Nacional de Libras - Surdos de Referência v1010\v0.mp4,1,D
437,GATO2,12648,13315,./db\Alagoas\Inventário de Libras Maceió\Inventário Nacional de Libras - Surdos de Referência v1010\v0.mp4,1,D
438,DV(encarar),13635,14620,./db\Alagoas\Inventário de Libras Maceió\Inventário Nacional de Libras - Surdos de Referência v1010\v0.mp4,1,D
439,ORGANIZAR,14620,15435,./db\Alagoas\Inventário de Libras Maceió\Inventário Nacional de Libras - Surdos de Referência v1010\v0.mp4,1,D
440,XXX,15435,16705,./db\Alagoas\Inventário de Libras Maceió\Inventário Nacional de Libras - Surdos de Referência v1010\v0.mp4,1,D
441,DV(atar),17245,18415,./db\Alagoas\Inventário de Libras Maceió\Inventário Nacional de Libras - Surdos de Referência v1010\v0.mp4,1,D
442,DV(toca-colocar-queijo-deixar),19610,21830,./db\Alagoas\Inventário de Libras Maceió\Inventário Nacional de Libras - Surdos de Referência v1010\v0.mp4,1,D
443,DV(gato),24295,25175,./db\Alagoas\Inventário de Libras Maceió\Inventário Nacional de Libras - Surdos de Referência v1010\v0.mp4,1,D
444,ESCONDER,25175,25935,./db\Alagoas\Inventário de Libras Maceió\Inventário Nacional de Libras - Surdos de Referência v1010\v0.mp4,1,D
445,DV(olhar-estarar-correr-pular),29690,33840,./db\Alagoas\Inventário de Libras Maceió\Inventário Nacional de Libras - Surdos de Referência v1010\v0.mp4,1,D
446,DV(dormir),34245,35145,./db\Alagoas\Inventário de Libras Maceió\Inventário Nacional de Libras - Surdos de Referência v1010\v0.mp4,1,D
447,DV(pegar-colocar-fechar-lanche-deixar),35145,40025,./db\Alagoas\Inventário de Libras Maceió\Inventário Nacional de Libras - Surdos de Referência v1010\v0.mp4,1,D
448,DV(correr-sino-bater),40025,43705,./db\Alagoas\Inventário de Libras Maceió\Inventário Nacional de Libras - Surdos de Referência v1010\v0.mp4,1,D
449,DV(gato-acordar-ouvir-faminto-andar-lanche-morder),44275,49615,./db\Alagoas\Inventário de Libras Maceió\Inventário Nacional de Libras - Surdos de Referência v1010\v0.mp4,1,D
450,DV(gritar-brabo),49615,52430,./db\Alagoas\Inventário de Libras Maceió\Inventário Nacional de Libras - Surdos de Referência v1010\v0.mp4,1,D
451,DV(correr-árvore-esconder),52707,56540,./db\Alagoas\Inventário de Libras Maceió\Inventário Nacional de Libras - Surdos de Referência v1010\v0.mp4,1,D
452,DV(colher-tomar-barriga-vazar),56540,62450,./db\Alagoas\Inventário de Libras Maceió\Inventário Nacional de Libras - Surdos de Referência v1010\v0.mp4,1,D
453,DV(correr),63480,64550,./db\Alagoas\Inventário de Libras Maceió\Inventário Nacional de Libras - Surdos de Referência v1010\v0.mp4,1,D
454,DV(correr-lanche),65820,68660,./db\Alagoas\Inventário de Libras Maceió\Inventário Nacional de Libras - Surdos de Referência v1010\v0.mp4,1,D
455,DV(mastigando-rabo-abrir-fechar-correr),69080,77700,./db\Alagoas\Inventário de Libras Maceió\Inventário Nacional de Libras - Surdos de Referência v1010\v0.mp4,1,D
456,DV(viu-correr-pegar-morder),78195,83850,./db\Alagoas\Inventário de Libras Maceió\Inventário Nacional de Libras - Surdos de Referência v1010\v0.mp4,1,D
457,BOI,83850,84640,./db\Alagoas\Inventário de Libras Maceió\Inventário Nacional de Libras - Surdos de Referência v1010\v0.mp4,1,D
458,DV(sentir-rabo-girar),84640,86750,./db\Alagoas\Inventário de Libras Maceió\Inventário Nacional de Libras - Surdos de Referência v1010\v0.mp4,1,D
459,DV(gato-mordida-soltar),86750,90190,./db\Alagoas\Inventário de Libras Maceió\Inventário Nacional de Libras - Surdos de Referência v1010\v0.mp4,1,D
460,IX(ele),7790,8505,./db\Alagoas\Inventário de Libras Maceió\Inventário Nacional de Libras - Surdos de Referência v1010\v0.mp4,1,E
461,RATO2,8505,9450,./db\Alagoas\Inventário de Libras Maceió\Inventário Nacional de Libras - Surdos de Referência v1010\v0.mp4,1,E
462,IX(ele),9450,10265,./db\Alagoas\Inventário de Libras Maceió\Inventário Nacional de Libras - Surdos de Referência v1010\v0.mp4,1,E
463,DV(rabo-andar),10265,11525,./db\Alagoas\Inventário de Libras Maceió\Inventário Nacional de Libras - Surdos de Referência v1010\v0.mp4,1,E
464,E(deixar),11525,12065,./db\Alagoas\Inventário de Libras Maceió\Inventário Nacional de Libras - Surdos de Referência v1010\v0.mp4,1,E
465,GATO2,12645,13295,./db\Alagoas\Inventário de Libras Maceió\Inventário Nacional de Libras - Surdos de Referência v1010\v0.mp4,1,E
466,IX(ele),13295,13635,./db\Alagoas\Inventário de Libras Maceió\Inventário Nacional de Libras - Surdos de Referência v1010\v0.mp4,1,E
467,DV(encarar),13635,14620,./db\Alagoas\Inventário de Libras Maceió\Inventário Nacional de Libras - Surdos de Referência v1010\v0.mp4,1,E
468,ORGANIZAR,14620,15435,./db\Alagoas\Inventário de Libras Maceió\Inventário Nacional de Libras - Surdos de Referência v1010\v0.mp4,1,E
469,XXX,15435,16695,./db\Alagoas\Inventário de Libras Maceió\Inventário Nacional de Libras - Surdos de Referência v1010\v0.mp4,1,E
470,IX(ele),16695,17245,./db\Alagoas\Inventário de Libras Maceió\Inventário Nacional de Libras - Surdos de Referência v1010\v0.mp4,1,E
471,DV(atar),17245,18395,./db\Alagoas\Inventário de Libras Maceió\Inventário Nacional de Libras - Surdos de Referência v1010\v0.mp4,1,E
472,QUEIJO,18395,19255,./db\Alagoas\Inventário de Libras Maceió\Inventário Nacional de Libras - Surdos de Referência v1010\v0.mp4,1,E
473,DEM(ali),19255,19610,./db\Alagoas\Inventário de Libras Maceió\Inventário Nacional de Libras - Surdos de Referência v1010\v0.mp4,1,E
474,DV(toca-colocar-queijo-deixar),19610,21815,./db\Alagoas\Inventário de Libras Maceió\Inventário Nacional de Libras - Surdos de Referência v1010\v0.mp4,1,E
475,IX(eu),21815,22240,./db\Alagoas\Inventário de Libras Maceió\Inventário Nacional de Libras - Surdos de Referência v1010\v0.mp4,1,E
476,AQUI,22240,22630,./db\Alagoas\Inventário de Libras Maceió\Inventário Nacional de Libras - Surdos de Referência v1010\v0.mp4,1,E
477,GATO2,22630,23915,./db\Alagoas\Inventário de Libras Maceió\Inventário Nacional de Libras - Surdos de Referência v1010\v0.mp4,1,E
478,AQUI,23915,24295,./db\Alagoas\Inventário de Libras Maceió\Inventário Nacional de Libras - Surdos de Referência v1010\v0.mp4,1,E
479,DV(gato),24295,25175,./db\Alagoas\Inventário de Libras Maceió\Inventário Nacional de Libras - Surdos de Referência v1010\v0.mp4,1,E
480,ESCONDER,25175,25930,./db\Alagoas\Inventário de Libras Maceió\Inventário Nacional de Libras - Surdos de Referência v1010\v0.mp4,1,E
481,VER,25930,28670,./db\Alagoas\Inventário de Libras Maceió\Inventário Nacional de Libras - Surdos de Referência v1010\v0.mp4,1,E
482,RATO2,28670,29690,./db\Alagoas\Inventário de Libras Maceió\Inventário Nacional de Libras - Surdos de Referência v1010\v0.mp4,1,E
483,DV(olhar-estarar-correr-pular),29690,33820,./db\Alagoas\Inventário de Libras Maceió\Inventário Nacional de Libras - Surdos de Referência v1010\v0.mp4,1,E
484,MENINO,33820,34245,./db\Alagoas\Inventário de Libras Maceió\Inventário Nacional de Libras - Surdos de Referência v1010\v0.mp4,1,E
485,DV(dormir),34245,35145,./db\Alagoas\Inventário de Libras Maceió\Inventário Nacional de Libras - Surdos de Referência v1010\v0.mp4,1,E
486,DV(pegar-colocar-fechar-lanche-deixar),35145,40025,./db\Alagoas\Inventário de Libras Maceió\Inventário Nacional de Libras - Surdos de Referência v1010\v0.mp4,1,E
487,DV(correr-sino-bater),40025,43690,./db\Alagoas\Inventário de Libras Maceió\Inventário Nacional de Libras - Surdos de Referência v1010\v0.mp4,1,E
488,GATO2,43690,44275,./db\Alagoas\Inventário de Libras Maceió\Inventário Nacional de Libras - Surdos de Referência v1010\v0.mp4,1,E
489,DV(gato-acordar-ouvir-faminto-andar-lanche-morder),44275,49615,./db\Alagoas\Inventário de Libras Maceió\Inventário Nacional de Libras - Surdos de Referência v1010\v0.mp4,1,E
490,DV(gritar-brabo),49615,52427,./db\Alagoas\Inventário de Libras Maceió\Inventário Nacional de Libras - Surdos de Referência v1010\v0.mp4,1,E
491,IX(ele),52427,52707,./db\Alagoas\Inventário de Libras Maceió\Inventário Nacional de Libras - Surdos de Referência v1010\v0.mp4,1,E
492,DV(correr-árvore-esconder),52707,56540,./db\Alagoas\Inventário de Libras Maceió\Inventário Nacional de Libras - Surdos de Referência v1010\v0.mp4,1,E
493,DV(colher-tomar-barriga-vazar),56540,62410,./db\Alagoas\Inventário de Libras Maceió\Inventário Nacional de Libras - Surdos de Referência v1010\v0.mp4,1,E
494,RATO2,62410,63480,./db\Alagoas\Inventário de Libras Maceió\Inventário Nacional de Libras - Surdos de Referência v1010\v0.mp4,1,E
495,DV(correr),63480,64540,./db\Alagoas\Inventário de Libras Maceió\Inventário Nacional de Libras - Surdos de Referência v1010\v0.mp4,1,E
496,XXX,64540,65820,./db\Alagoas\Inventário de Libras Maceió\Inventário Nacional de Libras - Surdos de Referência v1010\v0.mp4,1,E
497,DV(correr-lanche),65820,68635,./db\Alagoas\Inventário de Libras Maceió\Inventário Nacional de Libras - Surdos de Referência v1010\v0.mp4,1,E
498,BOI,68635,69080,./db\Alagoas\Inventário de Libras Maceió\Inventário Nacional de Libras - Surdos de Referência v1010\v0.mp4,1,E
499,DV(mastigando-rabo-abrir-fechar-correr),69080,77690,./db\Alagoas\Inventário de Libras Maceió\Inventário Nacional de Libras - Surdos de Referência v1010\v0.mp4,1,E
500,GATO2,77690,78195,./db\Alagoas\Inventário de Libras Maceió\Inventário Nacional de Libras - Surdos de Referência v1010\v0.mp4,1,E
501,DV(viu-correr-pegar-morder),78195,83850,./db\Alagoas\Inventário de Libras Maceió\Inventário Nacional de Libras - Surdos de Referência v1010\v0.mp4,1,E
502,BOI,83850,84640,./db\Alagoas\Inventário de Libras Maceió\Inventário Nacional de Libras - Surdos de Referência v1010\v0.mp4,1,E
503,DV(sentir-rabo-girar),84640,86750,./db\Alagoas\Inventário de Libras Maceió\Inventário Nacional de Libras - Surdos de Referência v1010\v0.mp4,1,E
504,DV(gato-mordida-soltar),86750,90190,./db\Alagoas\Inventário de Libras Maceió\Inventário Nacional de Libras - Surdos de Referência v1010\v0.mp4,1,E
505,PRODUZIR,4680,5430,./db\Alagoas\Inventário de Libras Maceió\Inventário Nacional de Libras - Surdos de Referência v1010\v0.mp4,2,D
506,NARRATIVA,5430,6190,./db\Alagoas\Inventário de Libras Maceió\Inventário Nacional de Libras - Surdos de Referência v1010\v0.mp4,2,D
507,E(positivo),90305,91460,./db\Alagoas\Inventário de Libras Maceió\Inventário Nacional de Libras - Surdos de Referência v1010\v0.mp4,2,D
508,FIM,91460,92672,./db\Alagoas\Inventário de Libras Maceió\Inventário Nacional de Libras - Surdos de Referência v1010\v0.mp4,2,D
509,PRODUZIR,4680,5430,./db\Alagoas\Inventário de Libras Maceió\Inventário Nacional de Libras - Surdos de Referência v1010\v0.mp4,2,E
510,E(positivo),90305,91460,./db\Alagoas\Inventário de Libras Maceió\Inventário Nacional de Libras - Surdos de Referência v1010\v0.mp4,2,E
511,FIM,91460,92672,./db\Alagoas\Inventário de Libras Maceió\Inventário Nacional de Libras - Surdos de Referência v1010\v0.mp4,2,E
512,DE-NOVO+,88309,90790,./db\Alagoas\Inventário de Libras Maceió\Inventário Nacional de Libras - Surdos de Referência v1013\v0.mp4,1,D
513,E(positivo),173334,173634,./db\Alagoas\Inventário de Libras Maceió\Inventário Nacional de Libras - Surdos de Referência v1013\v0.mp4,1,D
514,COMEÇAR,173634,175579,./db\Alagoas\Inventário de Libras Maceió\Inventário Nacional de Libras - Surdos de Referência v1013\v0.mp4,1,D
515,GATO,175579,177710,./db\Alagoas\Inventário de Libras Maceió\Inventário Nacional de Libras - Surdos de Referência v1013\v0.mp4,1,D
516,DV(colocar-queijo-correr-mirar-espigarda),177710,183205,./db\Alagoas\Inventário de Libras Maceió\Inventário Nacional de Libras - Surdos de Referência v1013\v0.mp4,1,D
517,RATO2,183205,184720,./db\Alagoas\Inventário de Libras Maceió\Inventário Nacional de Libras - Surdos de Referência v1013\v0.mp4,1,D
518,DV(vir),184720,187515,./db\Alagoas\Inventário de Libras Maceió\Inventário Nacional de Libras - Surdos de Referência v1013\v0.mp4,1,D
519,VER,187515,189140,./db\Alagoas\Inventário de Libras Maceió\Inventário Nacional de Libras - Surdos de Referência v1013\v0.mp4,1,D
520,DV(correr),189140,190992,./db\Alagoas\Inventário de Libras Maceió\Inventário Nacional de Libras - Surdos de Referência v1013\v0.mp4,1,D
521,PESSOA,190992,191807,./db\Alagoas\Inventário de Libras Maceió\Inventário Nacional de Libras - Surdos de Referência v1013\v0.mp4,1,D
522,DV(dormir-mão-pão-colocar-bater-sino),191807,198756,./db\Alagoas\Inventário de Libras Maceió\Inventário Nacional de Libras - Surdos de Referência v1013\v0.mp4,1,D
523,GATO,198756,199635,./db\Alagoas\Inventário de Libras Maceió\Inventário Nacional de Libras - Surdos de Referência v1013\v0.mp4,1,D
524,DV(correr-lanche-morder-mão-assustar-correr),201753,208279,./db\Alagoas\Inventário de Libras Maceió\Inventário Nacional de Libras - Surdos de Referência v1013\v0.mp4,1,D
525,HOMEM,208279,209585,./db\Alagoas\Inventário de Libras Maceió\Inventário Nacional de Libras - Surdos de Referência v1013\v0.mp4,1,D
526,DV(espigarda-tiro),209585,210651,./db\Alagoas\Inventário de Libras Maceió\Inventário Nacional de Libras - Surdos de Referência v1013\v0.mp4,1,D
527,DV(correr-tiro-esconder-árvore),210651,217092,./db\Alagoas\Inventário de Libras Maceió\Inventário Nacional de Libras - Surdos de Referência v1013\v0.mp4,1,D
528,DV(tranquilo-água-tomar-vazar-barriga),217092,225365,./db\Alagoas\Inventário de Libras Maceió\Inventário Nacional de Libras - Surdos de Referência v1013\v0.mp4,1,D
529,VER,225365,226465,./db\Alagoas\Inventário de Libras Maceió\Inventário Nacional de Libras - Surdos de Referência v1013\v0.mp4,1,D
530,RATO2,226465,228071,./db\Alagoas\Inventário de Libras Maceió\Inventário Nacional de Libras - Surdos de Referência v1013\v0.mp4,1,D
531,SEGREDO2,228071,228577,./db\Alagoas\Inventário de Libras Maceió\Inventário Nacional de Libras - Surdos de Referência v1013\v0.mp4,1,D
532,DV(carregar-correr),228577,232464,./db\Alagoas\Inventário de Libras Maceió\Inventário Nacional de Libras - Surdos de Referência v1013\v0.mp4,1,D
533,BOI,232464,233703,./db\Alagoas\Inventário de Libras Maceió\Inventário Nacional de Libras - Surdos de Referência v1013\v0.mp4,1,D
534,DV(rabo-pegar-colocar-correr),233703,237269,./db\Alagoas\Inventário de Libras Maceió\Inventário Nacional de Libras - Surdos de Referência v1013\v0.mp4,1,D
535,GATO,237269,238869,./db\Alagoas\Inventário de Libras Maceió\Inventário Nacional de Libras - Surdos de Referência v1013\v0.mp4,1,D
536,DV(pegar-lanche-morder),238869,241208,./db\Alagoas\Inventário de Libras Maceió\Inventário Nacional de Libras - Surdos de Referência v1013\v0.mp4,1,D
537,BOI,241208,241654,./db\Alagoas\Inventário de Libras Maceió\Inventário Nacional de Libras - Surdos de Referência v1013\v0.mp4,1,D
538,DV(assustar-correr-boi-correr),241654,248460,./db\Alagoas\Inventário de Libras Maceió\Inventário Nacional de Libras - Surdos de Referência v1013\v0.mp4,1,D
539,DV(saltar-cair),248460,251647,./db\Alagoas\Inventário de Libras Maceió\Inventário Nacional de Libras - Surdos de Referência v1013\v0.mp4,1,D
540,E(positivo),173334,173634,./db\Alagoas\Inventário de Libras Maceió\Inventário Nacional de Libras - Surdos de Referência v1013\v0.mp4,1,E
541,COMEÇAR,173634,175579,./db\Alagoas\Inventário de Libras Maceió\Inventário Nacional de Libras - Surdos de Referência v1013\v0.mp4,1,E
542,GATO,175579,177710,./db\Alagoas\Inventário de Libras Maceió\Inventário Nacional de Libras - Surdos de Referência v1013\v0.mp4,1,E
543,DV(colocar-queijo-correr-mirar-espigarda),177710,183210,./db\Alagoas\Inventário de Libras Maceió\Inventário Nacional de Libras - Surdos de Referência v1013\v0.mp4,1,E
544,DV(vir),184720,187515,./db\Alagoas\Inventário de Libras Maceió\Inventário Nacional de Libras - Surdos de Referência v1013\v0.mp4,1,E
545,DV(correr),189140,191010,./db\Alagoas\Inventário de Libras Maceió\Inventário Nacional de Libras - Surdos de Referência v1013\v0.mp4,1,E
546,DV(dormir-mão-pão-colocar-bater-sino),191807,198756,./db\Alagoas\Inventário de Libras Maceió\Inventário Nacional de Libras - Surdos de Referência v1013\v0.mp4,1,E
547,GATO,198756,199635,./db\Alagoas\Inventário de Libras Maceió\Inventário Nacional de Libras - Surdos de Referência v1013\v0.mp4,1,E
548,OUVIR,199635,200341,./db\Alagoas\Inventário de Libras Maceió\Inventário Nacional de Libras - Surdos de Referência v1013\v0.mp4,1,E
549,PENSAR,200341,201027,./db\Alagoas\Inventário de Libras Maceió\Inventário Nacional de Libras - Surdos de Referência v1013\v0.mp4,1,E
550,COMER,201027,201753,./db\Alagoas\Inventário de Libras Maceió\Inventário Nacional de Libras - Surdos de Referência v1013\v0.mp4,1,E
551,DV(correr-lanche-morder-mão-assustar-correr),201753,208279,./db\Alagoas\Inventário de Libras Maceió\Inventário Nacional de Libras - Surdos de Referência v1013\v0.mp4,1,E
552,DV(espigarda-tiro),209585,210651,./db\Alagoas\Inventário de Libras Maceió\Inventário Nacional de Libras - Surdos de Referência v1013\v0.mp4,1,E
553,DV(correr-tiro-esconder-árvore),210651,217092,./db\Alagoas\Inventário de Libras Maceió\Inventário Nacional de Libras - Surdos de Referência v1013\v0.mp4,1,E
554,DV(tranquilo-água-tomar-vazar-barriga),217092,225365,./db\Alagoas\Inventário de Libras Maceió\Inventário Nacional de Libras - Surdos de Referência v1013\v0.mp4,1,E
555,DV(carregar-correr),228577,232471,./db\Alagoas\Inventário de Libras Maceió\Inventário Nacional de Libras - Surdos de Referência v1013\v0.mp4,1,E
556,DV(rabo-pegar-colocar-correr),233703,237269,./db\Alagoas\Inventário de Libras Maceió\Inventário Nacional de Libras - Surdos de Referência v1013\v0.mp4,1,E
557,GATO,237269,238869,./db\Alagoas\Inventário de Libras Maceió\Inventário Nacional de Libras - Surdos de Referência v1013\v0.mp4,1,E
558,DV(pegar-lanche-morder),238869,241216,./db\Alagoas\Inventário de Libras Maceió\Inventário Nacional de Libras - Surdos de Referência v1013\v0.mp4,1,E
559,DV(assustar-correr-boi-correr),241654,248460,./db\Alagoas\Inventário de Libras Maceió\Inventário Nacional de Libras - Surdos de Referência v1013\v0.mp4,1,E
560,IX(você),4990,5550,./db\Alagoas\Inventário de Libras Maceió\Inventário Nacional de Libras - Surdos de Referência v1013\v0.mp4,2,D
561,VER,5550,5970,./db\Alagoas\Inventário de Libras Maceió\Inventário Nacional de Libras - Surdos de Referência v1013\v0.mp4,2,D
562,XXX,5970,6790,./db\Alagoas\Inventário de Libras Maceió\Inventário Nacional de Libras - Surdos de Referência v1013\v0.mp4,2,D
563,ENTENDER,6790,7250,./db\Alagoas\Inventário de Libras Maceió\Inventário Nacional de Libras - Surdos de Referência v1013\v0.mp4,2,D
564,DE--NOVO,7250,7925,./db\Alagoas\Inventário de Libras Maceió\Inventário Nacional de Libras - Surdos de Referência v1013\v0.mp4,2,D
565,PODER,7925,8555,./db\Alagoas\Inventário de Libras Maceió\Inventário Nacional de Libras - Surdos de Referência v1013\v0.mp4,2,D
566,AVISAR-SI,8555,9115,./db\Alagoas\Inventário de Libras Maceió\Inventário Nacional de Libras - Surdos de Referência v1013\v0.mp4,2,D
567,E(positivo),86639,87589,./db\Alagoas\Inventário de Libras Maceió\Inventário Nacional de Libras - Surdos de Referência v1013\v0.mp4,2,D
568,CONSEGUIR,87589,88049,./db\Alagoas\Inventário de Libras Maceió\Inventário Nacional de Libras - Surdos de Referência v1013\v0.mp4,2,D
569,PODER,88049,89149,./db\Alagoas\Inventário de Libras Maceió\Inventário Nacional de Libras - Surdos de Referência v1013\v0.mp4,2,D
570,QUERER,89149,89454,./db\Alagoas\Inventário de Libras Maceió\Inventário Nacional de Libras - Surdos de Referência v1013\v0.mp4,2,D
571,DE-NOVO,89454,89954,./db\Alagoas\Inventário de Libras Maceió\Inventário Nacional de Libras - Surdos de Referência v1013\v0.mp4,2,D
572,XXX,5970,6800,./db\Alagoas\Inventário de Libras Maceió\Inventário Nacional de Libras - Surdos de Referência v1013\v0.mp4,2,E
573,PODER,7925,8575,./db\Alagoas\Inventário de Libras Maceió\Inventário Nacional de Libras - Surdos de Referência v1013\v0.mp4,2,E
574,PODER,88049,89149,./db\Alagoas\Inventário de Libras Maceió\Inventário Nacional de Libras - Surdos de Referência v1013\v0.mp4,2,E
575,QUERER,89149,89469,./db\Alagoas\Inventário de Libras Maceió\Inventário Nacional de Libras - Surdos de Referência v1013\v0.mp4,2,E
